Listing Title,Listing Date,Price
2003 Toyota Tacoma Crew Cab Preruner,Apr  8,"$1,200"
caterpillar forklift,Apr  8,"$21,000"
2007 up Volvo‚Äôs 5000.00 up,Apr  7,"$5,000"
nissan forklift,Apr  7,"$6,900"
"2010-2012 Ford F-150 4x4 10,000 and up",Apr  7,"$10,000"
10 forklifts for sale,Apr  7,"$4,900"
2017 Mercedes C300 4 Matic,Apr  7,"$27,995"
2013 Mercedes Benz ML350 4 Matic,Apr  7,"$16,995"
2011 BMW X6 xDrive35i Sport Utility 4D premium 69k needs engine,Apr  7,"$8,800"
2017 Chevrolet Bolt EV LT LT ALL ELECTRIC 238 MILES LOW MILES 43000 MILES,Apr  7,"$16,995"
Cadillac Escalade 4X4 vortex V.8 white SUV 2000,Apr  7,"$1,400"
2014 Subaru WRX Limited,Apr  7,"$20,000"
"2009 Toyota Rav-4, 70k LOW miles, Clean in & Out",Apr  7,"$7,700"
05 Mercury Montego low miles extra clean runs 100%,Apr  7,"$2,995"
2003 Honda Accord Coupe EX V6,Apr  7,"$5,500"
"2017 Nissan Maxima Platinum, Loaded, Bose, Push Start",Apr  7,"$15,900"
"GMC 2500,   Jeep Wrangler",Apr  7,"$7,000"
"‚úî ‚òÜ‚òÜ SALE ‚òõ DODGE CHARGER, 51K MILES !!",Apr  7,"$10,995"
2009 Lexus IS 250,Apr  7,"$8,990"
2009 Mercedes-Benz C-300,Apr  7,"$7,700"
"‚úî ‚òÜ‚òÜ SALE ‚òõ FORD Fusion, 97K MILES !!",Apr  7,"$6,995"
2016 Jeep Wrangler Unlimited Sport,Apr  7,"$25,715"
"Black 2012 Mercedes-Benz E350 Sport 4MATIC - keyless, panoroof, xenon",Apr  7,"$13,997"
2014 TOYOTA TACOMA 4DR V6 DOUBLE CAB TRD OFF ROAD EDITION. 1 OWNER,Apr  7,"$15,900"
2007 HONDA PILOT EX LEATHER 7 PASSENGER BODY MANS SPECIAL CLEAN TITLE,Apr  7,"$3,000"
2009 SUBARU IMPREZA WRX MANUAL ** BAD ENGINE **,Apr  7,"$4,500"
2003 Chevy Silverado,Apr  7,"$3,700"
2002 TOYOTA RAV4 143k,Apr  7,"$4,000"
2013 Toyota Prius Plug-in,Apr  7,"$11,999"
2010 Toyota Tacoma 4dr Double Cab SR5 4x4 V6 Auto 205K Silver $13950,Apr  7,"$13,950"
2014 Lincoln MKX SUV AWD Low Miles,Apr  7,"$15,995"
2015 Lincoln MKZ  4D Sedan FWD Low Miles,Apr  7,"$13,450"
"2008 Ford E450 Bus

",Apr  7,"$7,500"
07 35+mpg fORD focus SE loaded!!!,Apr  7,"$1,595"
07 35+mpg fORD focus SE loaded!!!,Apr  7,"$1,595"
2015 Chevy Silverado 2500HD Z71 4x4 Diesel   *Excellent Condition*,Apr  7,"$39,500"
2011 Infiniti FX50 - 400HP V8 - Very Clean,Apr  7,"$17,500"
1997 Lexus es 350,Apr  7,"$1,800"
2011 MAZDA 3 AUTOMATIC,Apr  7,"$4,695"
1996 International Ramp Truck,Apr  7,"$17,000"
2012 Honda Accord EXL,Apr  7,"$10,750"
2006 Subaru Tribeca,Apr  7,$950
2006 Toyota Highlander,Apr  7,"$4,500"
2001 Jaguar stype,Apr  7,"$2,900"
Hyundai Santa fe,Apr  7,"$4,000"
2002 Volvo C70 Convertible,Apr  7,"$2,000"
2012 VOLVO XC70 T6 AWD WAGON. 1 OWNER METICULOUSLY MAINTAINED MUST SEE,Apr  7,"$14,900"
2009  Ford Escape  AWD  EX,Apr  7,"$1,999"
2017 Toyota Sienna LE Wheelchair Handicap Mobility Van,Apr  7,"$39,900"
1966 Plymouth Valiant 2dr Ht  225 nice driver!!,Apr  7,"$6,600"
2014 Dodge Grand Caravan SE Wheelchair Handicap Mobility Van,Apr  7,"$21,900"
2012 Dodge Grand Caravan SXT Wheelchair Handicap Mobility Van,Apr  7,"$19,900"
2015 Toyota Sienna XLE Wheelchair Handicap Mobility Van,Apr  7,"$36,900"
Range Rover Evoque,Apr  7,"$21,000"
2010 Silverado 1500 LT Crewcab --we finance any credit,Apr  7,"$1,500"
2011 NISSAN VERSA S LOW MILES ONE OWNER,Apr  7,"$5,300"
2014 Honda Accord EX blk w/ blk leather V6---we finance,Apr  7,"$2,000"
2009 TOYOTA PRIUS EXCELLENT CONDITION,Apr  7,"$4,800"
2013 Ford F150 Crew Cab--only 119k miles --v8,Apr  7,"$3,000"
2004 GMC Sierra 2500HD - Duramax Diesel,Apr  7,"$9,500"
2004 Mercedes-Benz SL-Class SL 500 - BAD CREDIT OK!,Apr  7,$99
Nice SUV on the cheap---2013 Ford Edge SEL--we finance bad credit,Apr  7,"$1,500"
2016 Accord Ex w/honda sensing--only 70k miles--we finance,Apr  7,"$2,000"
2008 Honda Odyssey,Apr  7,"$3,500"
2015 Accord Sport low miles--we finance,Apr  7,"$2,000"
2011 CR-V SE awd ---Yes we finance any credit guaranteed,Apr  7,"$1,500"
2007 Ford Super Duty F-250 F250 F 250 4WD CREW CAB LARIAT POWERSTROKE DIESEL !!!,Apr  7,"$18,944"
2004 Ford Super Duty F-350 F350 F 350 SRW 4WD XLT POWERSTROKE DIESEL **FINANCING,Apr  7,"$12,944"
2014 Ford Super Duty F-350 F350 F 350 SRW 4WD LARIAT POWERSTROKE DIESEL LOADED !,Apr  7,"$37,944"
2015 Jeep Wrangler Unlimited COLORMATCHED HARD TOP LIFTED AND LOADED !!! NAV !!,Apr  7,"$29,944"
Toyota Corolla,Apr  7,"$3,895"
2017 Ford Super Duty F-350 F350 F 350 SRW CREW CAB 4WD 6.2 GAS NEW BODYSTYLE Sup,Apr  7,"$45,944"
2013 Chevrolet Chevy Silverado 3500HD 4WD LT DURAMAX DIESEL ALLISON TRANS 8FT BE,Apr  7,"$33,944"
2013 RAM 1500 4WD 5.7 HEMI BIG HORN ONLY 84K MILES !! **FINANCING AVAILABLE**,Apr  7,"$25,944"
2009 Ford Escape  AWD SUV,Apr  7,"$2,495"
2013 Chevrolet Chevy Silverado 1500 4WD Z71 LEATHER INTERIOR ONLY 63K MILES !!!,Apr  7,"$24,944"
2015 GMC Sierra 1500 4WD REG CAB SHORT BED Z71 FACTORY NAV LOW MILES !! **FINANC,Apr  7,"$33,944"
2011 Toyota Tacoma 4WD ACCESS CAB V6 6 SPEED MANUAL TRANS !!! TRN240L/TRN245L/GR,Apr  7,"$15,944"
2014 RAM 2500 4WD CREW CAB BIG HORN SHARP TRUCK **FINANCING AVAILABLE**,Apr  7,"$29,944"
2013 RAM 3500 4WD CREW CAB SLT CUMMINS TURBO DIESEL SHARP TRUCK **FINANCING AVAI,Apr  7,"$39,944"
2015 Ford F-150 F150 F 150 PLATINUM 4WD SUPERCREW PANORAMIC SUNROOF !!! **FINANC,Apr  7,"$36,944"
2017 RAM 2500 LARAMIE CREW CAB CUMMINS TURBO DIESEL FULLY LOADED DJ (Single Rear,Apr  7,"$55,944"
2005 Honda Accord Ex leather,Apr  7,"$2,500"
2016 Hyundai Sonata Sport 4dr Sedan - SUPER CLEAN! WELL MAINTAINED!,Apr  7,"$13,495"
2011 Subaru Legacy,Apr  7,"$8,999"
Dodge 2500,Apr  7,"$12,000"
2012 Accord EX with Leather We Finance any credit guaranteed,Apr  7,"$1,500"
"2013 Toyota Tacoma TRD Double Cab 4WD, 108K, Auto, Bluetooth, Camera!",Apr  7,"$22,995"
Ford Econoline 350 ‚ÄúImperial 27‚Äù Camper,Apr  7,"$4,500"
"2010 Lexus GS350 AWD Sedan, 127K, CD, Leather Sunroof, Nav, Bluetooth",Apr  7,"$11,995"
"2012 MAZDA 3,",Apr  7,"$6,500"
2018 Toyota Camry XSE Monthly Payment of,Apr  7,$290
2011 Nissan Titan Crew Cab SL 4WD,Apr  7,"$24,900"
2014 Mercedes-Benz E-Class E 350 - BAD CREDIT OK!,Apr  7,$99
2013 GMC TERRAIN DENALI LOADED!!!,Apr  7,"$13,990"
2017 BMW X5 xDrive35i AWD 4dr SUV - SUPER CLEAN! WELL MAINTAINED!,Apr  7,"$31,995"
"2017 Honda Pilot EX-L AWD, Leather, Roof, Apple CarPlay, Android Auto!",Apr  7,"$18,995"
2020 BMW X2 xDrive28i hatchback Gray,Apr  7,"$28,870"
2007 Honda Accord EX - Nice!!,Apr  7,"$3,495"
REDUCED !!! 06 Pontiact Solstice 34000 miles,Apr  7,"$9,800"
1999 Toyoda Solara Good Condition,Apr  7,"$2,800"
2016 Nissan Rogue SV ---we finance any credit guaranteed,Apr  7,"$2,000"
2013 Honda Civic EX leather--we finance any credit guaranteed,Apr  7,"$1,500"
"$31,999 2008 Porsche 911 Convertible *117k Miles, Black On Black, AUTO",Apr  7,"$31,999"
2017 Acura ILX Technology Plus Pkg,Apr  7,"$18,790"
2012 Ford F150 Super Cab STX 4WD - Extra Sharp,Apr  7,"$16,950"
Ford Five hundred,Apr  7,"$1,999"
"2007 Mitsubishi Outlander XLS Seats-7 4x4, P Roof, New Tires, Clean!!!",Apr  7,"$6,995"
2007 Honda Element,Apr  7,"$5,500"
"2012 TOYOTA SEQUOIA PLATINUM 4x4 4dr SUV (5.7L V8) ,FULLY LOADED,NAVIG",Apr  7,"$24,995"
2009 Toyota Camry LE,Apr  7,"$4,500"
2010 Scion XB,Apr  7,"$4,999"
2013 Jeep Wrangler Sport 4x4 2dr SUV - SUPER CLEAN! WELL MAINTAINED!,Apr  7,"$18,995"
HUGE SELECTION OF WORK AND UTILITY TRUCKS!!,Apr  7,$1
2014 Mercedes-Benz CLS CLS 550 - BAD CREDIT OK!,Apr  7,$99
2013 Jeep Wrangler Unlimited Sport 4x4 4dr SUV EVERYONE IS APPROVED! „âÇ,Apr  7,"$22,995"
PT Cruiser Touring Edition  Fun Reliable safe car  ***1 Year Warranty*,Apr  7,"$3,995"
Volvo  V50,Apr  7,"$1,599"
"2015 Cadillac Srx awd-- navigation, leather, roof--we finance",Apr  7,"$2,000"
2005 Honda Odyssey,Apr  7,"$4,655"
2010 Ford Edge SE SUV 3.5L V6 Gas Cloth Power Equipment,Apr  7,"$3,850"
2016 Ford F-150 XLT 4x4 Crew Cab 3.5L V6 Ecoboost - We Finance !,Apr  7,"$29,500"
2004 Hyundai Sonata,Apr  7,"$1,800"
2009 Mercedes-Benz C-Class C 300 Sport Sedan 4D sedan Gray - FINANCE,Apr  7,"$13,590"
2015 Jeep Wrangler Rubicon 4WD - Best Deal on 4 Wheels!!,Apr  7,"$29,888"
2013 Jeep Wrangler Unlimited Sahara 4WD - Best Deal on 4 Wheels!!,Apr  7,"$23,988"
2015 GMC Sierra 1500 SLE Double Cab 4WD - Best Deal on 4 Wheels!!,Apr  7,"$27,777"
2013 GMC Sierra 2500HD Crew Cab Denali 4WD,Apr  7,"$35,900"
2016 Ford Escape Titanium AWD 4dr SUV - SUPER CLEAN! WELL MAINTAINED!,Apr  7,"$16,995"
2016 Mercedes-Benz C-Class C 300 4MATIC,Apr  7,"$23,190"
87 Corvette,Apr  7,"$9,200"
2014 Toyota Camry LE 1-Owner Clean Tech Package All Power,Apr  7,"$11,990"
2011 Nissan Versa,Apr  7,"$4,132"
2020 Acura MDX SH-AWD w/Advance Pkg Sport Utility 4D suv Gray -,Apr  7,"$46,590"
2020 Ford EcoSport Titanium AWD 4dr Crossover - Financing Available!,Apr  7,"$18,500"
2018 Toyota Highlander LE Sport Utility 4D suv Blue - FINANCE ONLINE,Apr  7,"$28,990"
Lincoln LS AWD Luxury Sedan Leather sunroof 86K miles*1 Year Warranty*,Apr  7,"$5,995"
2018 Mazda CX-3 Sport - BAD CREDIT OK!,Apr  7,$99
2015 Audi A3 Quattro Premium LOADED 65k MILES EXC Cond,Apr  7,"$15,995"
1951 Mercedes 170S W191,Apr  7,"$25,900"
2015 BMW 328 Xdrive/ with nav /blk on blk,Apr  7,"$2,500"
2017 Altima S with only 70 miles(we finance any credit),Apr  7,"$1,500"
1968 Ford f-100,Apr  7,"$15,900"
2017 Toyota Camry SE Moonroof All Power 1-Owner Clean IPOD NICE,Apr  7,"$14,990"
2012 CHEVY SONIC LT,Apr  7,"$3,995"
2006 Mazda Mazda3 ¬∑ s Grand Touring Hatchback 4D,Apr  7,"$6,300"
2017 Chevy Chevrolet Trax LT Sport Utility 4D hatchback White -,Apr  7,"$17,590"
"2010 Chevrolet Silverado 1500 4WD Crew Cab 143.5"" LS",Apr  7,"$14,990"
Ford Edge SE AWD Crossover SUV Extra Clean **1 Year Warranty***,Apr  7,"$6,995"
2015 Honda Odyssey EX leather--we finance any credit,Apr  7,"$3,000"
Nissan Rogue AWD  Leather Sunroof  Reliable ***1 Year Warranty***,Apr  7,"$5,495"
** 2012 FORD F250 SUPER DUTY XLT 4X4 **,Apr  7,"$16,000"
Honda CRV AWD Limited Edition 4dr SUV Sunroof **1 Year Warranty***,Apr  7,"$5,495"
2020 Toyota Tacoma Double Cab TRD Off-Road Pickup 4D 5 ft pickup Red -,Apr  7,"$37,590"
2002 Honda Civic,Apr  7,"$2,500"
2018 Ford F150 Super Cab XLT Pickup 4D 6 1/2 ft pickup Gray - FINANCE,Apr  7,"$32,990"
2016 Chrysler 200 Limited 4dr Sedan EVERYONE IS APPROVED! ,Apr  7,"$14,995"
2015 Toyota Prius Three 4dr Hatchback - SUPER CLEAN! WELL MAINTAINED!,Apr  7,"$11,995"
Subaru Outback AWD Heated seats Reliable safe **1 Year Warranty**,Apr  7,"$6,495"
2016 Subaru Legacy 3.6R Limited AWD 4dr Sedan - Financing Available!,Apr  7,"$15,900"
2017 Lexus ES 350 - BAD CREDIT OK!,Apr  7,$99
2013 Nissan Juke AWD Bluetooth Navi Sunroof *1 Year Warranty*,Apr  7,"$7,495"
1995 Cadillac Eldorado ETC MUST GO ASAP OBO,Apr  7,$600
Lincoln MKX AWD SUV Leather Panoramic Vista Roof *1 Year Warranty***,Apr  7,"$8,495"
Chevrolet Aveo Gas Saving 5 Speed Manual 90K ***1 Year Warranty***,Apr  7,"$3,495"
2017 Ford F250 XLT,Apr  7,"$38,000"
2013 Chevy Spark 5 Speed Manual only 97K Miles  ***1 Year Warranty***,Apr  7,"$4,495"
2018 Audi A6 2.0T Premium Plus Sedan 4D sedan White - FINANCE ONLINE,Apr  7,"$35,990"
2018 Toyota Highlander LE Sport Utility 4D suv Black - FINANCE ONLINE,Apr  7,"$27,990"
Dodge Nitro SLT Sunroof 4X4 New Tires NICE  **1 Year Warranty**,Apr  7,"$7,495"
Chevrolet Equinox LT AWD SUV  Back Up camera **1 Year Warranty***,Apr  7,"$6,495"
Nissan Pathfinder 4X4 Sunroof  extra clean **1 Year Warranty***,Apr  7,"$5,495"
2007 Ford Edge,Apr  7,"$6,895"
2013 Ford Escape SE SUV Eco Boost Hands Free phone **1 Year Warranty**,Apr  7,"$8,495"
Hyundai Santa Fe SE AWD Reliable safe SUV  **1 Year Warranty**,Apr  7,"$5,995"
2005 Mercury Grand Marquis LS - 161K Miles Clean and Well Cared For,Apr  7,"$1,000"
2006 freightliner M2 18ft Non-Cdl,Apr  7,"$12,500"
1989 Dodge D250 Regular Cab Long Bed,Apr  7,"$4,500"
2019 GMC Sierra 1500 Limited Double Cab 4WD,Apr  7,"$35,790"
"$16,999 2016 Nissan Frontier SV Extended Cab 4x4 *99k Miles, Upgrades*",Apr  7,"$16,999"
"$20,999 2013 Porsche Cayenne V6 AWD *Only 83k Miles, BOSE, Perfection*",Apr  7,"$20,999"
"$19,999 2014 Chevy Silverado LT Z71 Double Cab 4x4 *110k Mile, 5.3L V8",Apr  7,"$19,999"
"$10,999 2012 Honda Odyssey EXL *Roof, Leather, Back Up Camera, Alloys*",Apr  7,"$10,999"
"$10,999 2016 Kia Sedona LX Mini Van *104k Miles, Backup Camera, Alloys",Apr  7,"$10,999"
"$5,999 2009 Nissan Murano S AWD *Auto, Power Options, Alloy Wheels!",Apr  7,"$5,999"
"$17,999 2017 Toyota Prius Prime PREMIUM Hybrid Plug In *Only 64k Miles",Apr  7,"$17,999"
"$17,999 2015 Ford Mustang Coupe EcoBoost *ONLY 61k Miles, CLEAN CARFAX",Apr  7,"$17,999"
"$10,999 2013 VW GTI 4dr Hatchback *ONLY 94k Miles, Wolfsburg EDITION*",Apr  7,"$10,999"
"$6,999 2011 Cadillac SRX Performance AWD *118k Miles, HUGE SKYROOF*",Apr  7,"$6,999"
"$17,999 2013 Jeep Wrangler 2dr Sport 4x4 *Super Clean, ONLY 73k MILES*",Apr  7,"$17,999"
16 f350 superduty,Apr  7,"$32,500"
2018 GMC Sierra 1500 Double Cab SLT Pickup 4D 6 1/2 ft pickup Silver -,Apr  7,"$38,590"
2013 MINI Cooper Countryman AWD 4dr S ALL4,Apr  7,"$11,500"
2015 Ford Super Duty F-250 SRW XLT 6.2L V8 4X4  NO RUST LARIAT WHEELS,Apr  7,"$23,995"
2011 Chevrolet Suburban 4WD 4dr 1500 LTZ,Apr  7,"$23,000"
2006 Chevrolet Silverado 1500 X-CAB 6.0L VORTEC MAX NICE TRUCK,Apr  7,"$12,995"
2013 Chevrolet Silverado 1500 X-CAB LT 5.3L V8 4X4 BLACK LEATHER,Apr  7,"$16,995"
2015 Chevrolet Silverado 1500 DOUBLE CAB 5.3L VORTEC V8 CLEAN TRUCK,Apr  7,"$27,995"
2019 Dodge Challenger SRT Hellcat Redeye,Apr  7,"$76,980"
2011 Dodge Challenger SRT8,Apr  7,"$35,480"
2020 Jeep Wrangler Unlimited Unlimited Sahara,Apr  7,"$46,480"
2020 Jeep Wrangler Unlimited Unlimited Sahara,Apr  7,"$46,480"
04 Infinity I 35,Apr  7,"$2,700"
2020 Jeep Wrangler Unlimited Unlimited Sahara,Apr  7,"$46,480"
2009 AUDI Q7 QUATTRO PRESTIGE SLINE / OFFERS ACCEPTED...,Apr  7,"$10,000"
2021 Ram 1500 TRX,Apr  7,"$108,000"
2014 Jeep Cherokee Latitude PRICED TO SELL!,Apr  7,"$13,995"
2005 TOYOTA RAV4 4WD,Apr  7,"$3,995"
2013 Lincoln MKZ Base 4dr Sedan - SUPER CLEAN! WELL MAINTAINED!,Apr  7,"$13,495"
2009 Honda Accord Sdn 4dr I4 Auto LX,Apr  7,"$6,995"
GMC Envoy XL 4WD 3rd Row DVD Tow Package **1 Year Warranty***,Apr  7,"$4,995"
2007 chrysler town country,Apr  7,"$3,500"
2017 Land Rover Range Rover 5.0L V8 Supercharged - BAD CREDIT OK!,Apr  7,$99
2012 Jeep Wrangler Unlimited Sport 4x4 4dr SUV - Financing Available!,Apr  7,"$16,980"
‚ôø‚ôø  2011 TOYOTA SIENNA XLE/LIMITED | CALL NOW!,Apr  7,"$33,995"
Mercury Mountaineer AWD Premier Leather 3rd Row  **1 Year Warranty***,Apr  7,"$5,995"
2013 Chevy Cruze  38 MPG  Hands free phone ***1 Year Warranty***,Apr  7,"$5,995"
üîµ 2018 TOYOTA RAV4 LIMITED AWD LIMITED 4DR SUV üîµ,Apr  7,"$26,495"
2005 SUBARU FORESTER X AWD | 83K MILES | SUPER CLEAN | EXCELLENT!,Apr  7,"$7,995"
2008 Chevy Trailblazer LT,Apr  7,"$6,995"
2011 Porsche Panamera 4,Apr  7,"$30,000"
2018 RAM PICKUP 1500 4X4 EXPRESS 4DR QUAD CAB 6.3 FT. SB,Apr  7,"$26,995"
2013 Ford Fusion SPECIAL EDITION ECOBOOST TURBO heated leather loaded,Apr  7,"$6,500"
2018 MERCEDES-BENZ S-CLASS S 560 4MATIC,Apr  7,"$69,993"
2005 Chevy Silverado 1500,Apr  7,$1
2012 Nissan Versa S,Apr  7,"$2,899"
Wheel chair  13 dodge caravan,Apr  7,"$17,900"
2004 Rolls-Royce Phantom Base 4dr Sedan EVERYONE IS APPROVED! ,Apr  7,"$109,995"
"""MAKE OFFER PRIVATE SALE""2008 chevy tilt master w4500 34k miles",Apr  7,"$24,000"
2015 Chevy Chevrolet Trax LTZ Sport Utility 4D hatchback Gray -,Apr  7,"$16,990"
2015 Toyota 4Runner SR5 Sport Utility 4D suv Gray - FINANCE ONLINE,Apr  7,"$27,990"
2019 Mercedes-Benz CLA CLA 250 hatchback Black,Apr  7,"$23,776"
2019 Chevy Chevrolet Trax LT Sport Utility 4D hatchback White -,Apr  7,"$18,590"
Nissan Xterra Off Road edition  SUV tow package  **1 Year Warranty***,Apr  7,"$5,995"
2013 Volkswagen Passat Sedan  hands free phone  * *1 year warranty**,Apr  7,"$6,495"
2013 Lexus IS 250 Base AWD 4dr Sedan - SUPER CLEAN! WELL MAINTAINED!,Apr  7,"$17,995"
Nissan Xterra Off Road edition  SUV tow package  **1 Year Warranty***,Apr  7,"$5,995"
2012 Ford E-150 Econoline Van 49k One Owner,Apr  7,"$15,000"
2016 Ford Escape Titanium 4WD,Apr  7,"$12,990"
2017 Jeep Wrangler Unlimited Rubicon - BAD CREDIT OK!,Apr  7,$99
2005 GMC Sierra 1500 Ext Cab SLE 4WD,Apr  7,"$12,900"
Hyundai Elantra,Apr  7,"$5,995"
"2006 Ford Ranger XL Reg Cab 4x4, 5-Speed Manual, LEER Cap, Very Clean!",Apr  7,"$5,995"
2012 Honda CR-V EX L AWD 4dr SUV - Financing Available!,Apr  7,"$12,900"
2018 Audi A6 2.0T Premium Plus Sedan 4D sedan Blue - FINANCE ONLINE,Apr  7,"$27,590"
2014 GMC Sierra 1500 Double Cab SLT Pickup 4D 6 1/2 ft pickup Gray -,Apr  7,"$33,990"
1946 Chevy 3100 Pickup,Apr  7,"$31,850"
"12 Mitsubishi Outlander SE AWD 2.0 L runs 100% finance with $1500 dn,",Apr  7,"$5,995"
2017 Audi A6 competition Sedan 4D sedan Blue - FINANCE ONLINE,Apr  7,"$34,590"
2019 Toyota Tacoma Double Cab TRD Off-Road Pickup 4D 5 ft pickup Black,Apr  7,"$38,590"
Hyundai Accent,Apr  7,"$2,995"
2004 Chevrolet Silverado 1500,Apr  7,"$6,950"
2016 Nissan Rogue SV Sport Utility 4D hatchback Gray - FINANCE ONLINE,Apr  7,"$17,990"
2014 Nissan Rogue Select AWD CLEAN All Power Gas Saver IPOD MP3,Apr  7,"$9,990"
Hyundai Sonata,Apr  7,"$4,995"
2018 Ram 1500 NIGHT Crew Cab 4x4 NAV Leather LOADED 1-Owner Clean,Apr  7,"$35,990"
BMW 750 Li xDrive,Apr  7,"$13,495"
2015 Toyota Prius IV Four All Power Great on Gas Clean IPOD Hybrid,Apr  7,"$13,990"
2018 Subaru Outback 2.5i Premium AWD 1-Owner All Power CLEAN,Apr  7,"$18,990"
2018 Ford F-150 F150 F 150 XLT 4x4 2dr Regular Cab 6.5 ft. SB - SUPER CLEAN! WEL,Apr  7,"$31,495"
2011 Subaru Forester LIMITED so all options!**140k**NEW TIRES**$6995**,Apr  7,"$6,995"
2020 Chevrolet Colorado LT Crew Cab - 226 Miles ! We Finance !,Apr  7,"$29,995"
2019 Kia Soul Base - BAD CREDIT OK!,Apr  7,$99
2018 Chevy Chevrolet Trax LT Sport Utility 4D hatchback Blue - FINANCE,Apr  7,"$18,590"
2006 Toyota Camry rare 5 spd manual transmission,Apr  7,"$2,800"
2018 Audi A6 2.0T Premium Plus Sedan 4D sedan Blue - FINANCE ONLINE,Apr  7,"$30,590"
2018 Audi A6 2.0T Premium Plus Sedan 4D sedan Black - FINANCE ONLINE,Apr  7,"$28,590"
2018 Toyota 4Runner SR5 Premium Sport Utility 4D suv White - FINANCE,Apr  7,"$30,990"
2018 Mercedes-Benz S-Class S 450 Sedan 4D sedan White - FINANCE ONLINE,Apr  7,"$59,990"
2016 Nissan Pathfinder S 4x4 4dr SUV - Financing Available!,Apr  7,"$13,900"
2017 Jeep Wrangler Unlimited Sport SUV 4D suv Black - FINANCE ONLINE,Apr  7,"$31,590"
2013 Audi RS 5 Coupe 2D coupe White - FINANCE ONLINE,Apr  7,"$33,990"
2016 Mercedes-Benz E-Class E 350 4MATIC Sedan 4D sedan Gray - FINANCE,Apr  7,"$19,590"
2020 Chevy Chevrolet Silverado 2500 HD Crew Cab Work Truck Pickup 4D 6,Apr  7,"$47,590"
2018 Mitsubishi Outlander ES AWD,Apr  7,"$18,390"
2019 GMC Sierra 1500 Double Cab Elevation Pickup 4D 6 1/2 ft pickup,Apr  7,"$39,990"
2009 Audi A4 3.1L 6Cyl AWD Convertible*Leather*Runs & Drives Excellent,Apr  7,"$5,950"
"2006 Hyundai Sonata GLS V6, Clean Carfax! Low Miles!",Apr  7,"$4,995"
2015 Volkswagen VW Jetta GLI 2.0L*Rear Camera*Leather*Runs Excellent*,Apr  7,"$7,500"
2017 Honda Accord Sport 4dr Sedan CVT EVERYONE IS APPROVED! ,Apr  7,"$18,995"
2010 Jaguar XF Supercharged,Apr  7,"$3,700"
2019 Chevy Chevrolet Trax LT Sport Utility 4D hatchback Silver -,Apr  7,"$17,590"
2016 Chevy Chevrolet Trax LT Sport Utility 4D hatchback Black -,Apr  7,"$14,590"
2011 Subaru Legacy Outback Limited 2.5L AWD*160K Miles*Leather*Loaded*,Apr  7,"$6,950"
Chevrolet HHR Extra Clean  Reliable  NICE!!  ***1 Year Warranty***,Apr  7,"$5,995"
2017 Honda Accord Sport 4dr Sedan CVT EVERYONE IS APPROVED! ,Apr  7,"$18,995"
2018 Kia Sorento LX - BAD CREDIT OK!,Apr  7,$99
2012 Jeep Patriot 4x4 4 cyl,Apr  7,"$4,495"
14 Mazda CX-5 touring AWD garaged  runs 100% finance with 1500 dn,Apr  7,"$8,995"
2001 Toyota Sienna Leather LOADED,Apr  7,"$3,495"
2011 Chevrolet Malibu LT 4dr Sedan W/1LT,Apr  7,"$4,495"
2018 Nissan Rogue SV Sport Utility 4D hatchback Silver - FINANCE,Apr  7,"$18,990"
2010 Nissan Altima Leather Sunroof ONLY 90k Miles,Apr  7,"$5,495"
2009 Saturn Aura LOW Miles same as chevy malibu,Apr  7,"$3,495"
07 Hyundai Elantra SE Auto low miles extra clean runs 100%,Apr  7,"$2,795"
Nisan Rogue,Apr  7,"$5,000"
14 International TerraStar 16ft Box Truck Diesel 101K Miles SKU:13917,Apr  7,"$19,900"
Honda Civic 08,Apr  7,"$5,000"
09 Chevy Silverado 1500 low miles 4.3 L runs new Finance with $1200 dn,Apr  7,"$7,995"
2016 Audi A6 3.0T Prestige Sedan 4D sedan Silver - FINANCE ONLINE,Apr  7,"$30,990"
2019 Genesis G90 5.0 Ultimate Sedan 4D sedan Gray - FINANCE ONLINE,Apr  7,"$48,590"
2013 Ford F-150 XLT 4x4 4dr SuperCrew Styleside 5.5 ft. SB **GUARANTEED FINA,Apr  7,"$23,995"
2014 Ford F-150 STX 4x4 4dr SuperCab Styleside 6.5 ft. SB **GUARANTEED FINAN,Apr  7,"$29,995"
2005 Ford F-450 Utility body/w plow,Apr  7,"$10,500"
09 Ford F-150 supercab STX 4x4 low miles extra 100% Finance with $1500,Apr  7,"$10,495"
2018 Audi Q5 Premium Sport Utility 4D suv Silver - FINANCE ONLINE,Apr  7,"$28,590"
2019 Toyota Tacoma Double Cab SR Pickup 4D 5 ft pickup Red - FINANCE,Apr  7,"$35,590"
2019 Ram 1500 Crew Cab Big Horn Pickup 4D 5 1/2 ft pickup White -,Apr  7,"$38,590"
2005 GMC Sierra 1500 Ext. Cab Short Bed 4WD WITH PLOW SETUP,Apr  7,"$5,199"
2017 GMC Sierra 4x4 Elevation - 1 Owner ! We Finance !,Apr  7,"$28,500"
2005 Toyota Rav 4 for Sale!,Apr  7,"$4,000"
2014 Honda CR-V EX-L AWD,Apr  7,"$17,500"
2013 Jeep Wrangler Sport Unlimited - 71K Low Miles ! We Finance !,Apr  7,"$24,995"
2015 Honda CR-V AWD - Low Miles - We Finance !,Apr  7,"$14,995"
2004 Honda Pilot For Sale,Apr  7,"$2,200"
2017 Mitsubishi Outlander Sport 4WD - Low Miles - We Finance !,Apr  7,"$15,500"
2016 Jeep Wrangler Unlimited Sport SUV 4D suv Black - FINANCE ONLINE,Apr  7,"$26,990"
2014 Jeep Wrangler Unlimited Rubicon Sport Utility 4D suv Silver -,Apr  7,"$33,590"
2016 Chevrolet Silverado 2500HD Double Cab 4WD,Apr  7,"$34,500"
2017 Subaru WRX Manual,Apr  7,"$22,390"
2018 Jeep Grand Cherokee Limited - BAD CREDIT OK!,Apr  7,$99
2016 Range Rover Land Rover,Apr  7,"$39,995"
2013 Chevrolet Silverado 1500 Reg Cab Long Bed 4WD,Apr  7,"$18,500"
2016 Ram 2500 Power Wagon 4x4.,Apr  7,"$38,500"
"2012 Toyota Prius Plug-In Hybrid, 99k Miles, Auto, Green/Grey, Nav!!",Apr  7,"$11,995"
"2015 Toyota Rav4 LE AWD, 59k Miles, Auto, Brown/Black, Nice!!",Apr  7,"$16,995"
"2010 Toyota Highlander Seats-8 AWD, 151k Miles, P Roof, Grey, Clean",Apr  7,"$9,995"
"2013 Kia Optima EX 107k Miles, Auto, Silver/Grey, Nav. P.Roof Stunning",Apr  7,"$9,995"
"2018 Chevy Silverado LTZ Z71 Crew 4x4, 93k Black/Black, Lifted, WOW!",Apr  7,"$35,995"
2013 Toyota Sienna $7500 or BO,Apr  7,"$7,500"
2013 Toyota Tacoma Double Cab 4WD,Apr  7,"$22,900"
2014 Jeep Compass Latitude,Apr  7,"$10,495"
2014 Ford Fusion Titanium,Apr  7,"$10,995"
2019 BMW 2 Series 230i xDrive Coupe 2D coupe Black - FINANCE ONLINE,Apr  7,"$30,990"
"2013 Subaru Outback 3.6R Limited AWD Wagon, 123k Miles, Drk Grey, WOW",Apr  7,"$12,995"
2018 Acura MDX SH-AWD w/Advance Pkg Sport Utility 4D suv Gray -,Apr  7,"$36,590"
2013 Toyota Prius c Two,Apr  7,"$9,995"
"2012 Subaru Outback 2.5i AWD, 105k miles VERY CLEAN, GREAT CONDITION",Apr  7,"$10,750"
2018 Audi Q5 Premium Sport Utility 4D suv Silver - FINANCE ONLINE,Apr  7,"$29,990"
2008 Nissan  Altima Sedan 114k,Apr  7,"$2,495"
FOR PARTS - 2008 Sprinter,Apr  7,"$2,750"
2011 BMW 5 SERIES 535I XDRIVE AWD 4DR SEDAN,Apr  7,"$12,900"
2017 Jeep Wrangler Unlimited Sport SUV 4D suv Black - FINANCE ONLINE,Apr  7,"$31,590"
2017 Jeep Wrangler Unlimited Sport SUV 4D suv Gray - FINANCE ONLINE,Apr  7,"$29,990"
2017 Ram 1500 Crew Cab Laramie Limited Pickup 4D 5 1/2 ft pickup White,Apr  7,"$40,990"
2010 Hyundai Elantra GLS,Apr  7,"$5,488"
"2011 Audi s5 43,000 miles",Apr  7,"$21,599"
"2009 Nissan Versa 1,6  sedan Black auto",Apr  7,"$5,000"
2008 BMW 328xiÔºåmust goÔºÅ,Apr  7,"$4,900"
2008 TOYOTA CAMRY SOLARA 2 DR CONVERTIBLE .  1 OWNER EXTRA CLEAN,Apr  7,"$9,800"
2016 Honda Civic  LX Sedan,Apr  7,$197
2004 Ford Expedition Police Interceptor 4x4 SUV,Apr  7,"$6,900"
2011 Cadillac SRX Luxury Collection AWD 4dr SUV EVERYONE IS APPROVED! ‘Ü,Apr  7,$0
2008  Ford F150 work truck 8 ft body,Apr  7,"$5,000"
2002 Jeep Wrangler Sport 4WD 5 speed,Apr  7,"$12,500"
2011 Honda Pilot,Apr  7,"$7,900"
Honda! Toyota! Nissan! Hyundai! Kia! Subaru! *BUY HERE PAY HERE*,Apr  7,$27
"2011 VOLKSWAGEN JETTA S, AUTOMATIC.",Apr  7,"$5,495"
2014 Ford F-250 F250 F 250 Super Duty Lariat 4x4 4dr SuperCab 6.8 ft. SB Pickup,Apr  7,"$42,990"
CUSTOM MERCEDES BENZ SL500 (BEAUTIFUL CAR 10K UPGRADES ALONE),Apr  7,$10
2017 Lexus RX AWD All Wheel Drive Electric 450h SUV,Apr  7,$457
Ford Escape 2007,Apr  7,"$1,100"
2015 Chevrolet Chevy Impala LT V6,Apr  7,"$10,990"
"2009 Chevrolet Silverado 1500 4WD Crew Cab 143.5"" LT",Apr  7,"$13,990"
2007 GMC Yukon 4WD 4dr 1500 SLT,Apr  7,"$10,490"
2011 Jeep Grand Cherokee 4WD 4dr Laredo,Apr  7,"$10,390"
"2009 Ford F-150 STX Supercab Finance $1,000 Down",Apr  7,"$1,000"
2001 Toyota Tundra,Apr  7,"$6,800"
2017 Mercedes-Benz C-Class AWD All Wheel Drive C300 C 300 Sedan,Apr  7,$324
2015 Toyota Camry ASV50L/GSV50L/AVV50L Diesel Truck / Trucks,Apr  7,"$14,990"
2018 Chevy Chevrolet Silverado 1500 Regular Cab LS Pickup 2D 6 1/2 ft,Apr  7,"$28,590"
2007 FORD F150 XLT,Apr  7,"$8,900"
2007 Jeep Wrangler Rubicon**97K MI**6 SPEED MANUAL*NAV*CLEAN HISTORY!!,Apr  7,"$14,200"
2011 Honda Accord*123K MI*AUTO*4 CYL*4DOOR*RUNS EXCELLENT!,Apr  7,"$7,500"
2012 Audi A4 Quattro S-LINE**102K MI**AUTO**AWD**CLEAN HISTORY!,Apr  7,"$9,900"
2009 Honda Civic EX**134K MI**AUTO**4 CYL*SUNROOF*ALLOY*CLEAN HISTORY!,Apr  7,"$5,800"
GMC Envoy 4WD Nice Leather Sunroof 100k Miles    **1 Year Warranty***,Apr  7,"$5,995"
2017 Audi A4 AWD All Wheel Drive 2.0T Premium Sedan,Apr  7,$324
"2001 SVT Mustang Cobra Saleen Convertible 6,100 Miles",Apr  7,"$39,000"
2012 Nissan Murano AWD Finance $600 Down,Apr  7,$600
2010 Nissan Armada SE AWD 3rd Row,Apr  7,"$4,995"
"2009 Chevrolet Silverado 1500 Finance $1,000 Down",Apr  7,"$1,000"
2014 Mazda CX-5 AWD Finance $600 Down,Apr  7,$600
2013 GMC Terrain SLE Finance $600 Down,Apr  7,$600
2017 Honda Accord LX,Apr  7,"$11,995"
2010 Chevrolet Equinox LS,Apr  7,"$4,995"
2007 Hyundai Elantra,Apr  7,"$2,995"
2018 Jeep Compass 4x4 4WD Latitude SUV,Apr  7,$260
2016 RAM Ram Chassis 3500 Diesel Truck / Trucks,Apr  7,"$39,990"
2018 Mercedes-Benz S-Class S 450 4MATIC Sedan 4D sedan Black - FINANCE,Apr  7,"$62,990"
2014 Jeep Wrangler 4x4 4WD Unlimited Sport SUV,Apr  7,$338
2. Mustangs,Apr  7,"$18,000"
2008 FORD EDGE SEL AWD,Apr  7,"$5,495"
2008 TOYOTA CAMRY LE,Apr  7,"$6,250"
2007 TOYOTA COROLLA CE,Apr  7,"$3,499"
2005 TOYOTA SCION TC,Apr  7,"$3,495"
2018 Audi A6 2.0T Premium Plus Sedan 4D sedan Silver - FINANCE ONLINE,Apr  7,"$26,990"
2014 BMW 2 Series 228i Coupe 2D coupe Black - FINANCE ONLINE,Apr  7,"$19,590"
2018 Audi Q5 Premium Sport Utility 4D suv Silver - FINANCE ONLINE,Apr  7,"$30,590"
"2015 Mini Cooper 2dr Hatchback, John Cooper Works, only 55k miles",Apr  7,"$14,995"
1941  GMC TRUCK,Apr  7,"$17,500"
2010 Dodge Challenger 48k Miles SE 1 owner,Apr  7,"$13,900"
2016 Chevrolet Malibu Limited Chevy LT Sedan,Apr  7,$190
2018 Ford F-350 F350 F 350 Super Duty Super Duty - Single Rear Wheel Diesel Truc,Apr  7,"$47,990"
2005 TOYOTA RAV4 4WD,Apr  7,"$3,995"
2007 ACURA TL LIMITED EDITION,Apr  7,"$7,999"
2007 Ford E-150 cargo van,Apr  7,"$4,900"
"2015 CHEVROLET EXPRESS 2500 CARGO VAN RWD 2500 135 INCH CAR,VANS,OIL,TRUCKS,DUMP",Apr  7,"$19,995"
Vw Jetta runs and drives,Apr  7,"$1,000"
"2016 FORD F-150 F150 F 150 4WD SUPERCAB 145 INCH XLT CAR,VANS,OIL,TRUCKS,DUMP BO",Apr  7,"$29,500"
2014 Mercedes-Benz M-Class AWD All Wheel Drive ML350 ML-Class ML 350 S,Apr  7,$303
2000 Toyota Tacoma 4x4 4 Cylinder Automatic w A/c,Apr  7,"$2,995"
"2005 FORD ECONOLINE CARGO VAN E-150 CAR,VANS,OIL,TRUCKS,DUMP BODY ,UTILITY",Apr  7,$0
2010 GMC SIERRA 1500 4x4 EXTRA CAB 115k BAD CREDIT FINANCING,Apr  7,"$11,995"
F-350 Super duty,Apr  7,"$14,000"
01 Toyota Tacoma SR5,Apr  7,"$3,500"
2015 Chevrolet Chevy Silverado 3500HD LTZ 4x4 4dr Crew Cab LB DRW Diesel Truck /,Apr  7,"$57,990"
2017 Jeep New Compass 4x4 4WD Limited SUV,Apr  7,$289
2010 GMC TERRAIN SLT LEATHER 88k MILES RUNS GREAT! LEATHER! WARRANTY!,Apr  7,"$8,995"
2010 FORD F150 4x4 SUPER CAB! WARRANTY! FINANCING!,Apr  7,"$10,995"
2018 Lincoln Continental AWD All Wheel Drive Livery Sedan,Apr  7,$225
‚ñ∫ 2003 MERCEDES BENZ SL500 AMG - TOTALLY LOADED HARDTOP CONVERTIBLE,Apr  7,"$12,995"
2015 GMC Sierra 1500 SLE pickup White,Apr  7,"$28,500"
2015 Hyundai Sonata Hybrid GLS(Middle) YF HEV Diesel Truck / Trucks,Apr  7,"$13,490"
2018 Lincoln MKC AWD All Wheel Drive Reserve SUV,Apr  7,$394
2013 Toyota Prius Three 90k miles,Apr  7,"$9,500"
2003 Nissan Maxima,Apr  7,"$1,400"
2005 Chevy Silverado 4x4 MANUAL TRANSMISSION RUNS EXCELLENT,Apr  7,"$3,995"
2006 GMC ENVOY DENALI 5.3 CLEAN WARRANTY! FINANCING! LEATHER! NICE!!!!,Apr  7,"$8,995"
2007 FORD EXPLORER EDDIE BAUER! NO RUST EVER! 129k WARRANTY! 7 SEATS!r,Apr  7,"$5,995"
2008 DODGE GRAND CARAVAN SXT 7 PASSENGER,Apr  7,"$2,695"
2004 Ford F-150 4x4 Super Crew Runs Great! Warranty!,Apr  7,"$7,995"
2005 GMC YUKON DENALI 7 PASSENGER SOUTHERN VEHICLE SOLID! WARRANTY!,Apr  7,"$6,995"
2005 GMC SIERRA 2500HD 4x4 SUPER CAB GAS RUNS GOOD! CHEAP WORK TRUCK!,Apr  7,"$5,995"
Nissan Altima 2003,Apr  7,$750
2007 FORD FREESYLE**AWD**LEATHER**DVD**ONLY 80K**,Apr  7,"$3,450"
"2001 SUBARU FORESTER**AWD**SELLING ""AS IS""",Apr  6,"$2,200"
2005 Toyota 4Runner SR5 4.7,Apr  6,"$5,800"
2006 Volvo Xc90,Apr  6,"$4,250"
2013 Honda Accord Sports/ 80k/ Well maintained / Remote start,Apr  6,"$10,200"
2002 Pontiac Grand Prix GTP 40th Anniversary,Apr  6,"$7,500"
2016 Nissan Altima,Apr  6,"$9,995"
2014 Honda Civic Hybrid wNavi HYBRID WNAV 45mpg 72000 miles,Apr  6,"$11,495"
2017 Kia Niro LX Hybrid auto 50mpg 79000 miles,Apr  6,"$13,995"
2013 Subaru Outback,Apr  6,"$10,200"
"‚òÖ 2012 AUDI A7 3.0T PREMIUM PLUS - AWD, SPORT PKG, DRIVER ASSIST PKG",Apr  6,"$16,995"
‚úî ‚òÜ‚òÜ SALE ‚òõ FORD CROWN VICTORIA !!!,Apr  6,"$4,995"
2007 Subaru Impreza,Apr  6,"$4,995"
08 Lincoln MKX Limited AWD leather extra clean runs new Finance,Apr  6,"$1,200"
2103 Hyundai Veloster,Apr  6,"$8,999"
2010 Subaru Foerester,Apr  6,"$7,980"
2017 Toyota Tundra SR5 Crewcab,Apr  6,"$38,000"
2009 Hyundai Elantra Sedan,Apr  6,"$5,300"
"‚úî ‚òÜ‚òÜ SALE ‚òõ CHRYSLER 300, 132K MILES !!",Apr  6,"$5,995"
2017 Infiniti QX50 great condition email with offer,Apr  6,"$18,000"
2000 BMW Z3 Convertible 2.8L Automatic,Apr  6,"$10,000"
Toyota Corolla,Apr  6,"$5,200"
2011 Lincoln mkt ecoboost,Apr  6,"$4,900"
2010 Ford Fusion,Apr  6,"$5,950"
2011 Hyundai Sonata Limited Super clean 0 mileage,Apr  6,"$9,995"
2004 RARE VW PASSAT W8 AWD,Apr  6,"$3,299"
2006 Subaru Legacy,Apr  6,"$5,500"
"BAD CREDIT, NO CREDIT, NO PROBLEM! FINANCING for EVERYONE!",Apr  6,$500
"BAD CREDIT, NO CREDIT, NO PROBLEM! FINANCING for EVERYONE!",Apr  6,$500
"BAD CREDIT, NO CREDIT, NO PROBLEM! FINANCING for EVERYONE!",Apr  6,$500
"BAD CREDIT, NO CREDIT, NO PROBLEM! FINANCING for EVERYONE!",Apr  6,$500
"BAD CREDIT, NO CREDIT, NO PROBLEM! FINANCING for EVERYONE!",Apr  6,$500
"2008 GMC SIERRA 4WD 4dr Crew Cab 5.8 ft.,BACKUP CAMERA,REMOTE ENTRY,PO",Apr  6,"$13,995"
2014 Hyundai Veloster,Apr  6,"$9,000"
"2014 VOLKSWAGEN JETTA FWD,MANUAL 5-SPEED,FUEL EFFICIENT,REMOTE ENTRY,P",Apr  6,"$7,995"
2007 V6 Premium Mustang w/ Pony Pkg,Apr  6,"$10,500"
*LOW MILEAGE* MERCEDES S500 4MATIC,Apr  6,"$10,000"
Volkswagen Beetle,Apr  6,"$9,800"
Junk and Unwanted Cars Removed,Apr  6,$300
2011 Chevy Silverado 1500,Apr  6,"$9,000"
FORD FOR SALE FOR PARTS,Apr  6,"$1,500"
caterpillar forklift,Apr  6,"$21,000"
Audi,Apr  6,"$5,995"
2008 MINI COOPER S TURBO,Apr  6,"$8,000"
2013 Ford F-350 Lariat 6.7 Powerstroke,Apr  6,"$40,000"
2013 Toyota Prius 3 56K Miles,Apr  6,"$10,500"
2012 Ford Focus SEL hatchback,Apr  6,"$6,000"
2005 Subaru Outback All Wheel Drive right miles in good condition,Apr  6,"$3,900"
2013 Toyota Venza,Apr  6,"$10,500"
1991 corvette convertible,Apr  6,"$9,800"
2010 Toyota Tacoma 4dr Access Cab 4x4 4.0L V6 Auto 186K Black $12950,Apr  6,"$12,950"
2017 Jaguar F-TYPE S - BAD CREDIT OK!,Apr  6,$99
Expedition Toyota 4 Runner,Apr  6,"$17,200"
2011 Hyundai Elantra,Apr  6,"$6,200"
* 2007 CHEVY SILVERADO 1500 LTZ CREW 4X4 * Z-71 Htd Lthr BOSE ARE Cap,Apr  6,"$10,995"
LOW MILES 2009 FORD EXPLORER ED BAUER 4X4 V-6 LOADED,Apr  6,"$7,999"
2008 Chevy Tahoe LT 4x4,Apr  6,"$13,900"
2016 Dodge Ram Crew Cab Bighorn 4x4,Apr  6,"$22,900"
"2014 Jeep Wrangler Sport 4x4 ** 134,010 Miles **",Apr  6,"$16,795"
2013 Toyota Tacoma Double Cab SR5 4x4 V6 Auto 32K Red ONE OWNER $27950,Apr  6,"$27,950"
2008 altima coupe,Apr  6,"$3,000"
2010 JEEP Compass Sport,Apr  6,"$5,999"
2009  Ford Escape  AWD  EX,Apr  6,"$1,999"
2015 Toyota Tacoma Double Cab V6 4WD,Apr  6,"$25,900"
2017 Hyundai Sonata Sport - BAD CREDIT OK!,Apr  6,$99
2003 Jeep Wrangler,Apr  6,"$4,900"
2008 Land Rover LR2SE,Apr  6,"$7,900"
"2010 Toyota Prius Hybrid, 230K, Auto, A/C, CD, JBL, 50+ MPG, Criuse!",Apr  6,"$5,995"
"2010 Subaru Forester 2.5X AWD, 164K, 5 Speed, AC, CD, Aux, SAT, Cruise",Apr  6,"$6,995"
Looking  to trade for muscle car or other cool rides,Apr  6,"$32,500"
2012 Ford Focus SE Hatchback - 33 MPG - Nice!,Apr  6,"$2,995"
2017 Ford Explorer Sport 4WD,Apr  6,"$30,390"
2010 Toyota Tacoma Double Cab TRD 4x4 V6 197K NEW FRAME $14950,Apr  6,"$14,950"
1994 Land Rover Defender 90 300TDI,Apr  6,"$43,000"
2011 Toyota Tacoma 4dr Double Cab SR5 4x4 4.0L V6 Auto 178K $15450,Apr  6,"$15,450"
2010 Toyota Tacoma 4dr Access Cab TRD 4x4 4.0L V6 Auto 132K $15450,Apr  6,"$15,450"
2014 Toyota Tacoma Access Cab SR5 4x4 2.7L Auto 189K ONE OWNER $13650,Apr  6,"$13,650"
2012 Ford E350 XL Wheelchair Van,Apr  6,"$16,000"
1993 Land Rover Defender 90 2.5 200TDI,Apr  6,"$36,000"
2012 Dodge Ram Laramie - Black on Black Beauty,Apr  6,$19
1987 Chevy c10 short bed 2wd restored turn key!,Apr  6,"$12,900"
2019 Honda Civic LX - BAD CREDIT OK!,Apr  6,$99
2007 Chevrolet Tahoe LT,Apr  6,"$12,499"
2017 Dodge Charger Daytona 392 4dr Sedan EVERYONE IS APPROVED! ,Apr  6,$0
2008 Toyota Tacoma 4dr Double Cab SR5 4x4 V6 Auto 131K NEW FRAME$15450,Apr  6,"$15,450"
2011 BMW 328i x-Drive,Apr  6,"$6,950"
2012 Toyota Tacoma 4dr Double Cab 4x4 4.0L V6 Auto 159K Black $17950,Apr  6,"$17,950"
2014 Ford E250 Cargo Vans,Apr  6,"$14,450"
1999 Custom Chevy Tahoe,Apr  6,"$2,000"
2013 Chevy Chevrolet Captiva Sport Fleet LT Monthly Payment of,Apr  6,$119
2012 Ram 1500 4WD Quad Cab Laramie,Apr  6,"$16,995"
13 E-250 Cargo Van low miles,Apr  6,"$14,500"
2015 BMW 528xdrive M sport,Apr  6,"$22,000"
2016 Nissan Altima 2.5 S hatchback Black,Apr  6,"$12,989"
2013 Chevrolet Cruze 4dr Sdn Auto LTZ,Apr  6,"$5,995"
2008 Nissan Pathfinder LE 4WD,Apr  6,"$7,995"
1998 Jeep Wrangler,Apr  6,"$7,000"
2014 Ford Edge SEL AWD 4dr Crossover - Financing Available!,Apr  6,"$10,800"
2014 Dodge Ram 1500 Sport Reg Cab 4WD,Apr  6,"$19,500"
2006 Buick Lacrosse *ONLY 71k.Miles* V-6 3800,Apr  6,"$6,395"
2018 Ford Escape SE - BAD CREDIT OK!,Apr  6,$99
2018 GMC Sierra 1500 SLE Double Cab 4WD,Apr  6,"$31,990"
2012 Honda Civic-EXL,Apr  6,"$10,750"
2012 Toyota Camry Sedan,Apr  6,"$8,800"
2007 Lexus ES350 /1 Owner/Fully Loaded/Clean Carfax/85k,Apr  6,"$9,997"
2009 Volkswagen Tiguan SE 4Motion/Perfect Carfax/Very Clean/Only 94k,Apr  6,"$6,970"
2000+6 AWD loaded Audi sedan go anywhere!,Apr  6,"$2,095"
2015 Scion TC 1 Own/78k/Clean Carfax/Pano/6-Speed/Rare,Apr  6,"$12,997"
"2016 Mitsubishi Outlander Sport 2.4 SE AWD /Camera/60k/Very Clean/18""",Apr  6,"$11,993"
2013 Mini Cooper S Clubman  /1 Own/Florida car/6-Speed/Clean Carfax,Apr  6,"$9,995"
2014 Honda CRV CR-V 4WD LX/Camera/94k,Apr  6,"$11,877"
2006 Dodge Grand Caravan SXT  Wheelchair Handicap Van/86k/1 Owner,Apr  6,"$11,979"
2006 Volvo XC90 2.5T AWD  Fully Serviced/139k/New Tires,Apr  6,"$5,999"
2019 Jeep Renegade Sport SUV 4D suv Silver - FINANCE ONLINE,Apr  6,"$21,990"
Very clean 2008 Volvo XC70 XC 70 AWD / 50k/Clean Carfax/VA car/No rust,Apr  6,"$11,999"
2003 Toyota Avalon,Apr  6,"$4,800"
FORD E350 WHEELCHAIR  SHUTTLE BUS NO CDL 1OWNER FREE SHIPPING WARRANTY,Apr  6,"$9,937"
2017 Toyota Prius Prime Advanced /1 Owner/MSRP-$35322/Just Serviced,Apr  6,"$17,973"
2010 Mercedes-Benz CLS 550 CLS550 /38k/$80k-MSRP/Like New,Apr  6,"$21,780"
2011 Mercedes-Benz ML550 4Matic  1 Own/98k/AMG-Sport pkg/Clean Carfax,Apr  6,"$13,998"
2013 Cadillac ATS Luxury 2.0T AWD Black/Red Loaded! Super Clean!79k,Apr  6,"$14,764"
Very Rare 2003 Toyota MR2 Spyder Convertable /Florida Car/91k/SMT,Apr  6,"$13,999"
2006 Honda Civic Coupe for sale,Apr  6,"$3,000"
Jeep Cherokee,Apr  6,"$2,950"
2007 Toyota Sienna Wheelchair Van Handicap Van,Apr  6,"$13,900"
2013 Honda Accord sport,Apr  6,"$13,990"
2007 Dodge Caravan Wheelchair Van Handicap Van,Apr  6,"$9,500"
2006 AWD Mercury Mariner,Apr  6,"$2,200"
2009 Dodge Journey Automatic,Apr  6,"$3,500"
2013 DODGE RAM 1500 SLT BIG HORN CREW CAB!!!,Apr  6,"$19,990"
2009 FREIGHTLINER 106 M2,Apr  6,"$20,995"
2017 Ford Escape Titanium AWD 4dr SUV - Financing Available!,Apr  6,"$17,800"
2016 Volkswagen Tiguan 2.0T SEL 4Motion AWD 4dr SUV EVERYONE IS APPROVED! &#,Apr  6,"$15,995"
2018 Ford Fusion Titanium - BAD CREDIT OK!,Apr  6,$99
2011 CHRYSLER TOWN & COUNTRY WHEELCHAIR VAN HANDICAP VAN,Apr  6,"$12,000"
2016 MAZDA CX5 Grand Touring Sport Utility 4D suv Red - FINANCE ONLINE,Apr  6,"$20,590"
2018 Mercedes-Benz CLA CLA 250 Coupe 4D coupe White - FINANCE ONLINE,Apr  6,"$26,590"
2015 Toyota Camry SE,Apr  6,"$11,995"
2013 Chevrolet Cruze 2LT Auto,Apr  6,"$4,995"
"2009 NISSAN FRONTIER KING CAB 91,000 MILES!!!",Apr  6,"$13,880"
2018 Chevrolet Chevy Equinox LT AWD,Apr  6,"$18,390"
"2019 BMW M4 4,825 mls MANUAL",Apr  6,"$63,500"
"2016 Honda CRVEX, one owner no accidents Way Above Average Condition.",Apr  6,"$18,499"
INTERNATION 6 WHEELER,Apr  6,"$2,500"
2015 Land Rover Range Rover Evoque Pure Plus Sport Utility 4D suv,Apr  6,"$23,990"
2015 Chevrolet Traverse 1LT 1 LT 1-LT PRICED TO SELL!,Apr  6,"$16,995"
2014 Hyundai Santa Fe Limited Sport Utility 4D suv White - FINANCE,Apr  6,"$18,590"
2014 Audi SQ5 Prestige Sport Utility 4D suv White - FINANCE ONLINE,Apr  6,"$24,990"
Silverado 1500 LT Crew Cab,Apr  6,"$15,900"
2013 INFINITI M M37 Sedan 4D sedan Silver - FINANCE ONLINE,Apr  6,"$17,590"
2013 VW Volkswagen Eos Sport Convertible 2D Convertible Blue - FINANCE,Apr  6,"$19,990"
1999 Toyota Avalon 183k,Apr  6,"$1,100"
2016 Dodge Durango Citadel - BAD CREDIT OK!,Apr  6,$99
2019 BMW 4 Series 430i Gran Coupe Sedan 4D coupe Gray - FINANCE ONLINE,Apr  6,"$29,990"
2013 Honda Civic LX 4dr Sedan 5A - Financing Available!,Apr  6,"$10,900"
2017 Ford Mustang V6 Manual,Apr  6,"$18,999"
2011 Chevrolet Tahoe LTZ,Apr  6,"$15,800"
2016 Hyundai Santa Fe Sport AWD 4dr 2.4L Premium,Apr  6,"$13,600"
2009 Jeep Patriot FWD 4dr Sport,Apr  6,"$6,200"
2017 Dodge Challenger SXT Coupe 2D coupe White - FINANCE ONLINE,Apr  6,"$24,590"
2019 Ford Ranger SuperCrew Lariat Pickup 4D 5 ft pickup Black -,Apr  6,"$35,990"
2020 Lincoln Nautilus Reserve Sport Utility 4D suv Red - FINANCE,Apr  6,"$45,590"
2017 Lexus RC RC 200t Coupe 2D coupe Black - FINANCE ONLINE,Apr  6,"$30,990"
2013 Jeep Compass Sport SUV 4D suv Gray - FINANCE ONLINE,Apr  6,"$12,990"
2005 Honda Accord Ex leather,Apr  6,"$2,500"
"$6,999 2012 Subaru Impreza AWD 2.0i Premium Sedan *AUTO, Sunroof, 134k",Apr  6,"$6,999"
****Price Drop**** 2003 GMC Yukon XL,Apr  6,"$4,000"
2007 Chevy Tahoe LTZ,Apr  6,"$8,500"
2011 Chevrolet Tahoe LTZ,Apr  6,"$15,800"
2017 INFINITI QX70 3.7 Sport Utility 4D suv Black - FINANCE ONLINE,Apr  6,"$26,990"
Honda Accord,Apr  6,$0
2005 LEXUS RX330,Apr  6,"$7,490"
2012 Honda Crosstour EX-L Sport Utility 4D hatchback Green - FINANCE,Apr  6,"$15,590"
2014 Ford Expedition Limited suv Black,Apr  6,"$19,989"
8 FOOT FISHER PLOW,Apr  6,"$1,000"
2018 Hyundai Sonata SEL,Apr  6,"$15,990"
2004 Honda accord,Apr  6,"$7,500"
2017 Dodge Journey SXT AWD 4dr SUV EVERYONE IS APPROVED! ,Apr  6,"$14,995"
1985 BMW 635csi for sale. Clean! 5 speed,Apr  6,"$14,999"
2018 BMW M2 Coupe,Apr  6,"$48,780"
2014 Chevrolet Corvette Stingray Z51,Apr  6,"$51,980"
2017 BMW X3 xDrive28i,Apr  6,"$24,980"
2018 Chevrolet Chevy Silverado 1500 LT - BAD CREDIT OK!,Apr  6,$99
2018 Audi A4 2.0T Premium Plus,Apr  6,"$27,980"
2015 Jeep Wrangler Unlimited Unlimited Sahara,Apr  6,"$26,980"
2017 Chevrolet Colorado ZR2,Apr  6,"$37,380"
2020 Toyota GR Supra 3.0 Premium Coupe 2D coupe Red - FINANCE ONLINE,Apr  6,"$48,990"
2010 honda civic,Apr  6,"$2,995"
2017 Chevrolet Chevy Traverse LT 4dr SUV w/2LT - Financing Available!,Apr  6,"$14,500"
Buick Regal CXL Leather ONE OWNER Sunroof Bluetooth**1 Year Warranty**,Apr  6,"$5,995"
FOR SALE,Apr  6,"$13,500"
17 Chevrolet Express 3500 14ft Box Truck Lift Gate Gas 111K SKU:13914,Apr  6,"$25,900"
2013 Lexus GS GS 350 Sedan 4D sedan Gray - FINANCE ONLINE,Apr  6,"$20,590"
2020 Nissan Maxima SV Sedan 4D sedan Silver - FINANCE ONLINE,Apr  6,"$24,590"
2008 Chevy Tahoe LT,Apr  6,"$10,500"
2018 Hyundai Kona SE Sport Utility 4D suv Gray - FINANCE ONLINE,Apr  6,"$18,590"
2017 INFINITI QX80 Sport Utility 4D suv Black - FINANCE ONLINE,Apr  6,"$39,990"
2014 BMW X1 Sdrive28i 2.0L I4 Turbocharger,Apr  6,"$11,750"
2013 Lexus RX RX 350 Sport Utility 4D suv Burgundy - FINANCE ONLINE,Apr  6,"$22,990"
2012 Acura RDX SH-AWD Sport Utility 4D suv Gray - FINANCE ONLINE,Apr  6,"$14,990"
2018 BMW 3 Series 330i xDrive - BAD CREDIT OK!,Apr  6,$99
2013 Hyundai Elantra GLS,Apr  6,"$9,950"
2020 Honda Fit EX 381 mi,Apr  6,"$13,750"
2019 Honda Civic Coupe EX-T 36K mi,Apr  6,"$13,950"
2016 ISUZU NRR 14' FLATBED WITH HEADER,Apr  6,"$34,950"
2018 Honda HRV EX 41K 4X4,Apr  6,"$13,950"
2019 Honda Insight EX 13K,Apr  6,"$15,450"
2017 TOYOT HIGHLANDER LIMITED 22000 MILES 1 OWNER NO ACCIDENT LIKE NEW,Apr  6,"$28,995"
2020 GMC Yukon SLT Sport Utility 4D suv Blue - FINANCE ONLINE,Apr  6,"$45,990"
2020 Lexus NX 300 Sport Utility 4D hatchback Silver - FINANCE ONLINE,Apr  6,"$34,590"
4 Door Double cab,Apr  6,"$24,950"
2010 Ford Fusion 4dr Sdn S FWD,Apr  6,"$4,995"
Acura TL 2009 For Sale,Apr  6,"$8,500"
2011 Chrysler 300 4dr Sdn 300C AWD,Apr  6,"$8,995"
2015 Chevrolet Silverado 1500 2WD Double Cab Work Truck,Apr  6,"$13,995"
2015 Chevrolet Chevy Silverado 1500 LT Z71 4x4 4dr Double Cab 6.5 ft. SB - Finan,Apr  6,"$24,900"
2009 Ford F-550 F550 XL Dump Truck 4x4 6.8L Gas 76K MilesSKU:13579,Apr  6,"$24,900"
2017 Audi A4 Premium Plus AWD,Apr  6,"$25,190"
2004 Ford F250 Super Duty Extended Cab with Plow,Apr  6,"$7,999"
2020 Porsche Macan S Sport Utility 4D suv White - FINANCE ONLINE,Apr  6,"$67,990"
2015 Audi A4 Premium Plus Sedan 4D sedan Silver - FINANCE ONLINE,Apr  6,"$16,590"
2017 Genesis G80 3.8 Sedan 4D sedan Silver - FINANCE ONLINE,Apr  6,"$25,990"
2015 Hyundai Santa Fe Sport Sport Utility 4D suv White - FINANCE,Apr  6,"$15,990"
2013 Audi Premium Plus A7,Apr  6,"$19,995"
2014 BMW 3 Series 328i xDrive AWD 4dr Sedan SULEV EVERYONE IS APPROVED! üöó,Apr  6,"$16,995"
üîµ   2010 HONDA CR-V EX-L |  4DR SUV | RECENT TRADE | EXCELLENT  üîµ,Apr  6,"$10,995"
2011 Maserati GranTurismo Coupe 2D coupe Black - FINANCE ONLINE,Apr  6,"$42,590"
2010 MAZDA MAZDA5 Grand Touring Minivan 4D van Black - FINANCE ONLINE,Apr  6,"$9,990"
2004 Saturn Auto 143k üëç,Apr  6,"$2,500"
üëâ 2019 HONDA HR-V SPORT AWD 4DR CROSSOVER,Apr  6,"$19,995"
2018 BMW X1 xDrive28i - BAD CREDIT OK!,Apr  6,$99
üî¥ 2017 Ford Escape Titanium | AWD Titanium 4dr SUV üî¥,Apr  6,"$18,995"
2014 Audi Q7 3.0T S line Prestige Sport Utility 4D suv Silver -,Apr  6,"$23,990"
üî¥   2019 DODGE GRAND CARAVAN SXT | 4DR MINI-VAN  üî¥,Apr  6,"$21,995"
2019 DODGE GRAND CARAVAN GT | LEATHER | NAVI | REMOTE START,Apr  6,"$22,995"
NEW! üëâ JUST WHAT THE DOCTOR ORDERED! ‚òé CALL (603) 888-6070,Apr  6,"$69,995"
üîµ  2020 Chevrolet Express Passenger LT 2500 | 12 PASSENGER VAN üîµ,Apr  6,"$26,995"
09 Chevy Silverado 1500 low miles 4.3 L extra clean runs new Finance,Apr  6,"$1,200"
14 Mazda CX-5 touring AWD garaged  runs 100% finance with 1500 dn,Apr  6,"$8,995"
07 Hyundai Elantra SE Auto low miles extra clean runs 100%,Apr  6,"$2,795"
09 Ford F-150 supercab STX 4x4 low miles extra 100% Finance with $1500,Apr  6,"$10,495"
F350 ford King Ranch w/plow2014,Apr  6,"$53,500"
2018 Mercedes-Benz MercedesAMG CLA CLA 45 4MATIC Coupe 4D coupe White,Apr  6,"$45,590"
2010 Honda CRV EX-L Sport Utility 4D suv Blue - FINANCE ONLINE,Apr  6,"$14,590"
"BMW 128I, SPORT PACKAGE, 6 SPEED MANUAL, RIGHT COLORS",Apr  6,"$12,999"
2013 Kia Optima EX,Apr  6,"$9,200"
I buy Cars/Trucks/Suvs,Apr  6,$1
NEED A AUTO!!! We Finance EVERYONE!!,Apr  6,$200
2015 BMW 5 Series 535i Sedan 4D sedan Gray - FINANCE ONLINE,Apr  6,"$22,590"
2013 Honda CRZ EX Coupe 2D coupe White - FINANCE ONLINE,Apr  6,"$12,990"
2014 Jeep Wrangler Unlimited Sahara Sport Utility 4D suv White -,Apr  6,"$28,990"
2018 Jeep Compass Latitude 4x4 Luxury Pkg,Apr  6,"$20,390"
*****2010 HYUNDAI SONATA*****,Apr  6,"$3,495"
*****2001 TOYOTA AVALON XL*****,Apr  6,"$2,495"
*****2007 HYUNDAI SONATA*****,Apr  6,"$3,495"
*****2009 SATURN VUE*****,Apr  6,"$3,495"
*****2010 NISSAN SENTRA*****,Apr  6,"$3,995"
*****2005 NISSAN ALTIMA*****,Apr  6,"$2,995"
*****2005 TOYOTA PRIUS*****,Apr  6,"$2,995"
2007 TOYOTA CAMRY,Apr  6,"$3,995"
*****2012 KIA OPTIMA*****,Apr  6,"$3,995"
2005 HONDA ODYSEY LOADED,Apr  6,"$3,295"
2018 Mercedes-Benz MercedesAMG GLC Coupe GLC 43 Sport Utility 4D coupe,Apr  6,"$53,590"
2014 Jeep Grand Cherokee Limited Sport Utility 4D suv Black - FINANCE,Apr  6,"$19,990"
2018 Kia Rio S Sedan 4D sedan Silver - FINANCE ONLINE,Apr  6,"$14,990"
2016 Dodge Grand Caravan Passenger SE Minivan 4D van Silver - FINANCE,Apr  6,"$15,590"
2008 Mitsibishi Outlander ES 4x4 - Clean!,Apr  6,"$4,195"
2010 Honda Accord EX - Nice!,Apr  6,"$3,995"
2000 Toyota Corolla - Nice!,Apr  6,"$2,495"
2001 Buick Park Ave - Clean!!,Apr  6,"$2,195"
2012 Chevy Chevrolet Corvette Grand Sport Convertible 2D Convertible,Apr  6,"$38,590"
2013 Chevy Chevrolet Silverado 2500 Sander 8' Boss Plow LOW Miles,Apr  6,"$24,990"
2001 Honda Accord LX - Nice!,Apr  6,"$1,795"
2007 Subaru Impreza - Nice!,Apr  6,"$2,995"
2008 HONDA CIVIC EX-L LEATHER,Apr  6,"$4,195"
2004 Dodge Dakota Sport 4x4 Club Cab With Bed Xtender -Nice!!,Apr  6,"$4,995"
2002 Toyota Corolla - Runs Great!,Apr  6,"$2,195"
2010 Chevy Chevrolet Silverado LTZ Crew Cab 4x4 Leather Nice Rims,Apr  6,"$18,990"
2005 TOYOTA RAV4 4WD,Apr  6,"$3,995"
2016 Chevy Chevrolet Sonic LT Hatchback Southern Car 1-Owner Cargo,Apr  6,"$7,990"
2008 Chevrolet Chevy Corvette Diesel Truck / Trucks,Apr  6,"$21,990"
2015 Ford F-350 F350 F 350 Super Duty Super Duty - Single Rear Wheel Diesel Truc,Apr  6,"$39,990"
2001 Toyota Rav4 AWD,Apr  6,"$1,995"
2012 Lincoln MKZ AWD -CALL/TEXT TODAY! (603) 965-2721,Apr  6,"$9,999"
2006 Jeep Liberty Sport 4WD -CALL/TEXT TODAY! (603) 965-2721,Apr  6,"$3,999"
2014 Honda CR-V LX AWD -CALL/TEXT TODAY! (603) 965-2721,Apr  6,"$12,999"
2015 Jeep Compass Latitude 4WD -CALL/TEXT TODAY! (603) 965-2721,Apr  6,"$12,999"
2012 Chevrolet Chevy Sonic LTZ 5-Door -CALL/TEXT TODAY! (603) 965-2,Apr  6,"$8,999"
2014 Jeep Cherokee Limited (271hp)3.2L/90k/Nav+Tech/Financing ..,Apr  6,"$12,495"
2012 Ford Fusion SE -CALL/TEXT TODAY! (603) 965-2721,Apr  6,"$6,999"
2014 Ford Flex SEL AWD -CALL/TEXT TODAY! (603) 965-2721,Apr  6,"$15,999"
2014 Buick Enclave Leather Group -CALL/TEXT TODAY! (603) 965-2721,Apr  6,"$15,999"
2010 Nissan Altima 2.5 S -CALL/TEXT TODAY! (603) 965-2721,Apr  6,"$5,999"
2018 Audi A4 AWD All Wheel Drive 2.0T Premium Plus Sedan,Apr  6,$436
2012 Acura MDX SH-AWD -CALL/TEXT TODAY! (603) 965-2721,Apr  6,"$14,999"
2012 Nissan Altima 2.5 S -CALL/TEXT TODAY! (603) 965-2721,Apr  6,"$9,999"
2013 Hyundai Veloster 3dr Cpe Auto -CALL/TEXT TODAY! (603) 965-2721,Apr  6,"$11,999"
2014 Cadillac CTS 2.0L Turbo Luxury AWD -CALL/TEXT TODAY! (603) 965,Apr  6,"$20,999"
2016 Ford Focus SE Hatch -CALL/TEXT TODAY! (603) 965-2721,Apr  6,"$9,999"
2016 Jaguar XJ-Series XJ AWD -CALL/TEXT TODAY! (603) 965-2721,Apr  6,"$34,999"
2015 HONDA CIVIC 4DOORS AUTOMATIC,Apr  6,"$8,495"
2012 Chevrolet Chevy Silverado 1500 LT Ext. Cab 4WD -CALL/TEXT TODAY! (,Apr  6,"$21,999"
2010 Subaru Forester 2.5X Premium -CALL/TEXT TODAY! (603) 965-2721,Apr  6,"$7,999"
2011 Honda Accord EX-L -CALL/TEXT TODAY! (603) 965-2721,Apr  6,"$10,999"
2012 Toyota Camry SE -CALL/TEXT TODAY! (603) 965-2721,Apr  6,"$9,999"
2016 Lincoln MKX Reserve AWD -CALL/TEXT TODAY! (603) 965-2721,Apr  6,"$19,999"
2017 GMC Acadia AWD All Wheel Drive SLT-2 SUV,Apr  6,$380
2006 grand am,Apr  6,$500
2018 Audi TT RS 2.5T quattro AWD 2dr Coupe EVERYONE IS APPROVED! ,Apr  6,"$56,995"
RARE BMW WAGON TOURING 6 SPEED MANUAL,Apr  6,"$12,999"
2015 Ford F-350 F350 F 350 Super Duty Super Duty - Single Rear Wheel Diesel Truc,Apr  6,"$48,990"
2017 MINI Cooper S Countryman AWD All Wheel Drive Base SUV,Apr  6,$331
2013 Jeep Wrangler Sahara Unlimited 4 Door,Apr  6,"$23,500"
2018 Acura MDX AWD All Wheel Drive 3.5L SUV,Apr  6,$422
2008 Honda Accord ex-l,Apr  6,"$8,000"
2015 Audi Q5   condition: excellent  cylinders: 4 cylinders  drive: 4w,Apr  6,"$18,000"
2011 Jeep Grand Cherokee LTD Loaded,Apr  6,"$11,900"
2009 Jeep Wrangler 1 Owner 6 cyl 6 Speed 4X4,Apr  6,"$11,900"
2019 Mercedes-Benz C-Class AWD All Wheel Drive C300 C 300 Sedan,Apr  6,$440
2018 Jeep Compass Limited 4x4 Luxury Pkg,Apr  6,"$22,190"
2011 Hyundai Sonata Hybrid FULLY LOADED MID-SIZE GAS SIPPING 2.4L HYBRID SED,Apr  6,"$8,995"
2017 Audi A3 Premium Sedan 4D sedan Gray - FINANCE ONLINE,Apr  6,"$23,590"
2020 Genesis G70 2.0T Sedan 4D sedan Gray - FINANCE ONLINE,Apr  6,"$33,590"
2017 Ford F-350 F350 F 350 Super Duty Super Duty - Single Rear Wheel Diesel Truc,Apr  6,$0
2020 Toyota RAV4 AWD All Wheel Drive RAV 4 Adventure SUV,Apr  6,$422
2015 Nissan Pathfinder Sport 4x4/90k/Financing Available...,Apr  6,"$11,995"
üöó ¬†2008 Toyota Tacoma V6 4x4 V6 4dr Access Cab 6.1 ft. SB 5A,Apr  6,$0
1999 Ford F250 Pickup  2WD Reg Cab Automatic,Apr  6,"$2,400"
2019 Ford Transit-250  Base Medium Roof Cargo Van,Apr  6,$436
2009 Ford Escape  AWD SUV,Apr  6,"$2,495"
2017 BMW X5 AWD All Wheel Drive xDrive35i SUV,Apr  6,$500
1995 Dodge Ram 150,Apr  6,"$2,000"
Suburban 2500,Apr  6,"$18,500"
2016 Ford F-350 F350 F 350 Super Duty Super Duty - Single Rear Wheel Diesel Truc,Apr  6,"$41,990"
2019 Nissan Armada AWD All Wheel Drive SL SUV,Apr  6,$507
2017 Lexus RX AWD All Wheel Drive 350 SUV,Apr  6,$465
2020 Chevy Chevrolet Camaro LT Coupe 2D coupe Gray - FINANCE ONLINE,Apr  6,"$25,990"
2019 Audi etron Premium Plus Sport Utility 4D suv Blue - FINANCE,Apr  6,"$54,990"
Bose Sound System Acura Tl Nice Sedan,Apr  6,$800
2016 VW Volkswagen eGolf SE Hatchback Sedan 4D sedan Blue - FINANCE,Apr  6,"$13,990"
2017 Chevrolet Silverado 1500 4x4 4WD Chevy Truck LT Double Cab,Apr  6,$493
2016 Ford F-350 F350 F 350 Super Duty Super Duty - Single Rear Wheel Diesel Truc,Apr  6,"$44,990"
2019 Toyota Tacoma 4x4 4WD Truck TRD Sport Double Cab,Apr  6,$514
2015 Subaru XV Crosstrek 2.0i Limited AWD Crossover ‚òÖ FULLY LOADED ‚òÖ,Apr  6,"$11,995"
2009 Lexus ES ES 350 Sedan 4D sedan Silver - FINANCE ONLINE,Apr  6,"$13,590"
2017 Jeep Wrangler 4x4 4WD Unlimited Sport SUV,Apr  6,$422
2018 Chevrolet Silverado 1500 4x4 4WD Chevy Truck LT Double Cab,Apr  6,$436
2018 Honda Accord EX 1.5L Turbo/192hp)Everyone is APPROVED@Topline.,Apr  6,$0
2020 Toyota Corolla  LE Sedan,Apr  6,$232
2018 Honda Civic SI 1-Owner 40k/BAD Credit NO PROBLEM/Topline Imports.,Apr  6,$0
2015 Chevrolet Chevy Silverado 2500HD LTZ 4x4 4dr Crew Cab SB Diesel Truck / Tru,Apr  6,"$39,990"
2018 Honda CRV-LX/AWD/30k/ALL CREDIT IS APPROVED@Topline Import!!!,Apr  6,$0
2018 Honda Accord EXL Hybrid 30k,Apr  6,$0
2014 GMC Acadia SLT1/Nav/Tech/You are APPROVED@Topline Imports!,Apr  6,$0
2018 GMC Sierra 1500 SLT 4x4 Crew/Nav/All Credit is APPROVED@Topline..,Apr  6,$0
2017 Ford Escape Turbo SE/AWD-EVERYONE is APPROVED@Topline Import.,Apr  6,$0
2019 Jeep Grand Cherokee 4x4 4WD Laredo SUV,Apr  6,$387
2015 Ford F150 XL Super Crew 4x4/ALL CREDIT IS APPROVED at Topline !!!,Apr  6,$0
2012 Dodge Journey SE/Nav/TV-DVD/EVERYONE is APPROVED@Topline Import..,Apr  6,$0
2012 BMW 528xi/NAV/ALL CREDIT is APPROVED@Topline...,Apr  6,$0
2014 Audi Q7 Quattro 3.0T S-Line Prestige/EVERYONE is APPROVED@Topline,Apr  6,$0
2015 BMW M4 Convertible20k(425hp)Twin Turbo/ALL CREDIT is APPROVED....,Apr  6,$0
2011 BMW X3 28i-AWD/Nav/ALL CREDIT is APPROVED@Topline Import!!!,Apr  6,$0
2018 Jeep Compass 4x4 4WD Altitude SUV,Apr  6,$296
2016 BMW X1 28i AWD/NAV/EVERYONE is APPROVED@Topline Imports.,Apr  6,$0
2011 BMW 535xi-AWD-Turbo/NAV/EVERYONE is APPROVED@Topline Import...,Apr  6,$0
2013 BMW 528xi Turbo/Nav/All Credit APPROVED@Topline Methuen...,Apr  6,$0
2011 BMW X3 28i-AWD/Nav/ALL CREDIT is APPROVED@Topline Import!!!,Apr  6,$0
"LEXUS ES350 SEDAN, FULLY LOADED, ARIZONA CAR",Apr  6,"$8,995"
2010 BMW X3 3.0i 4wd/EVERYONE is APPROVED@Topline Import...,Apr  6,$0
2017 Audi Q7 (333hp)3.0L SC/Bad Credit APPROVED@Topline Imports!!!,Apr  6,$0
2008 Honda Accord,Apr  6,"$5,800"
2012 Audi Q5 3.2L Prestige S-Line/Tech/ALL CREDIT isAPPROVED@Topline!,Apr  6,$0
2016 Honda Civic  LX Sedan,Apr  6,$211
üöó ¬†üöó  üöó  2009 CHEVY SILVERADO LT 4x4 4dr Extended Cab 6.5 ft 1500,Apr  6,$0
2018 Jeep Compass 4x4 4WD Limited SUV,Apr  6,$366
2011 Subaru Forester,Apr  6,"$1,500"
üöó 2011 FORD F-150 ‚ÄúLARIAT LIMITED‚Äù 4X4 4 DOOR SUPERCREW STYLESIDE 5.5,Apr  6,"$15,999"
2019 Kia Optima SX Turbo,Apr  6,"$21,499"
2013 Kia Soul ! hatchback Green,Apr  6,"$9,987"
üöó ¬†2016 Chevrolet Express Cargo 2500  2500 3dr Cargo Van w/1WT,Apr  6,$0
2007 Acura 3.5 TL Luxury Sedan/ALL CREDIT IS APPROVED@Topline....,Apr  6,$0
2017 Ram ProMaster 2500 Dodge High Roof Cargo Van,Apr  6,$443
2018 RAM Ram Chassis 3500 Short Wheelbase (Dual Rear Wheel) Diesel Truck / Truck,Apr  6,"$64,990"
2017 Toyota Highlander AWD All Wheel Drive LE V6 SUV,Apr  6,$387
"Chevy Silverado 4x4 V8 Auto. Clean, Runs and Drives Exc.",Apr  6,"$3,750"
2014 Jeep Wrangler Rubicon 2 Door loaded,Apr  6,"$28,999"
"‚òÖ 2013 HYUNDAI SONATA GLS - SHARP ""ONE OWNER"" THAT'S GREAT ON GAS !!!",Apr  6,"$9,495"
2005 Lincoln LSE V8,Apr  6,"$3,500"
"‚ñ∫ 2013 LAND ROVER LR2 HSE LUX - AWD, NAVI, DUAL ROOF, HEATED LEATHER",Apr  6,"$13,995"
2012 Dodge Grand Caravan,Apr  6,"$5,720"
1986 Porsche 944,Apr  6,"$8,000"
"FULLY LOADED 2002 CHEVY AVALANCHE PICK UP TRUCK $5,000",Apr  5,"$5,000"
"BAD CREDIT, NO CREDIT, NO PROBLEM! FINANCING for EVERYONE!",Apr  5,$500
"BAD CREDIT, NO CREDIT, NO PROBLEM! FINANCING for EVERYONE!",Apr  5,$500
"BAD CREDIT, NO CREDIT, NO PROBLEM! FINANCING for EVERYONE!",Apr  5,$500
"BAD CREDIT, NO CREDIT, NO PROBLEM! FINANCING for EVERYONE!",Apr  5,$500
"BAD CREDIT, NO CREDIT, NO PROBLEM! FINANCING for EVERYONE!",Apr  5,$500
2011 Honda Civic,Apr  5,"$5,700"
"2005 Ford Escape XLT 4x4! $4,990",Apr  5,"$4,990"
Excelent Chevy Sonic 2014,Apr  5,"$4,700"
2009 Audi A4 2.0T Cabriolet Convertible 103k,Apr  5,"$6,900"
2005 TOYOTA SCION TC,Apr  5,"$3,495"
Range Rover Evoque,Apr  5,"$21,000"
"2008 Nissan Altima 2.5S Sedan Low Miles! $5,490",Apr  5,"$5,490"
2013 F350 Lariat,Apr  5,"$30,000"
2012 Nissan frontier,Apr  5,"$19,300"
"2014 Audi Q5 2.0T Premium Plus quattro - keyless, B&O, nav, we finance",Apr  5,"$18,497"
2007 Toyota Rav4 4X4 131k,Apr  5,"$6,900"
"2014 BMW 528i xDrive - nav, moonroof, keyless start, we finance",Apr  5,"$14,497"
2008 Audi TT 158k,Apr  5,"$7,900"
‚úî ‚òÜ‚òÜ SALE ‚òõ 15 FORD EXPLORER AWD!!!!!,Apr  5,"$9,995"
"‚úî ‚òÜ‚òÜ SALE ‚òõ FORD Taurus, 122K MILES !!!",Apr  5,"$4,995"
2000 BMW 323i Wagon,Apr  5,"$6,300"
"2013 TOYOTA TUNDRA 4X4 DOUBLE CAB PICKUP,4.6L V8,ONE OWNER,REMOTE ENTR",Apr  5,"$26,995"
2016 Lexus ES 350,Apr  5,"$23,600"
Ford F150 XL 4x4 5.0L V8,Apr  5,"$18,999"
2016 BMW 428I M CONVERTIBLE,Apr  5,"$29,950"
Honda Odyssey,Apr  5,"$5,000"
2018 AUDI Q3 SPORT PREMIUM PLUS,Apr  5,"$28,500"
2009 HYUNDAI Elantra TOURING RUNS GREAT,Apr  5,"$1,700"
2005 TOYOTA RAV4 4WD,Apr  5,"$3,995"
2007 jeep grand cherokee,Apr  5,"$1,200"
"2013 Mercedes-Benz E350 Sport 4MATIC - harman/kardon, sunroof, finance",Apr  5,"$15,997"
2019 Acura ILX - Low Miles - Loaded ! We Finance !,Apr  5,"$23,995"
Toyota Prius,Apr  5,"$6,300"
"2016 SUBARU WRX LIMITED,FUEL EFFICIENT,FULLY LOADED,NAVIGATION,BACKUP",Apr  5,"$21,995"
2015 Nissan Juke SV AWD 4dr Crossover / NAV/ 1-owner,Apr  5,"$9,995"
2002 Ford Thunderbird,Apr  5,"$9,500"
2018 Audi A4 2.0T - BAD CREDIT OK!,Apr  5,$99
2011 GMC Sierra SLE 2500HD 4x4,Apr  5,"$25,900"
2013 Mercedes-Benz SL-Class 2dr Roadster SL 550 Black on Black,Apr  5,"$45,200"
2013 Toyota XLE. 4 door sedan,Apr  5,"$10,699"
*2016* *Ford* *Fusion*($1699DOWN-$288Month),Apr  5,"$10,898"
One Owner 2016*Ford* *F150* XLT*F 150* *F-150*($$388Month),Apr  5,"$22,998"
One Owner 2016*Ford* *Explorer* XLT($2999DOWN-$329Month),Apr  5,"$18,998"
*2012* *chrysler* *200*($1000Down-$205Month),Apr  5,"$6,998"
2016 Hyundai Sonata Sport 4dr Sedan - SUPER CLEAN! WELL MAINTAINED!,Apr  5,"$13,495"
2015 Kia Sorento GDI - AWD/4x4 - 40K Low Miles ! 1 Owner !,Apr  5,"$14,995"
One Owner*2014* *ford* *F-150* *f150* Platinum,Apr  5,"$26,498"
2013*Audi* *A4*Fully Loaded($2699DOWN-$274Month),Apr  5,"$13,298"
*2016* * Subaru * *WRX*($1500DOWN-$345Month),Apr  5,"$16,798"
07 35+mpg fORD focus SE loaded!!!,Apr  5,"$1,595"
Lexus NX300h 2018 only 14K miles,Apr  5,"$31,700"
1 Owner 2015 Chevrolet Silverado LTZ Crew Cab Z71 - Black on Black,Apr  5,"$35,995"
Honda Civic SE 2015,Apr  5,"$11,200"
"2016 Dodge Grand Caravan SE, One Owner, Clean Carfax, Low Miles!!!",Apr  5,"$15,495"
2006 Honda CRV 4wd,Apr  5,"$5,500"
2008 Volvo X90,Apr  5,"$5,000"
"2014 GMC 2500 Savanna Cargo Van, Clean Carfax, 94,000 Miles!!!",Apr  5,"$17,995"
2018 Acura TLX 2.4L - BAD CREDIT OK!,Apr  5,$99
"2007 Ford Super Duty F-250 4WD Reg Cab 137"" XLT",Apr  5,"$12,990"
"2007 Chevrolet Avalanche 4WD Crew Cab 130"" LT",Apr  5,"$12,990"
"2012 Ford F-150 4WD SuperCrew 145"" XLT, eco boost",Apr  5,"$14,990"
***2009 HYUNDAI ELANTRA***1 OWNER***CLEAN CARFAX***LOW MILES***,Apr  5,"$5,490"
2009 Subaru Legacy,Apr  5,"$3,800"
"2008 Toyota Prius Hybrid, 153K,  6-CD, Leather, Nav, Camera, Bluetooth",Apr  5,"$5,995"
"2011 Toyota Prius Hybrid, 119K Miles, Auto, Bluetooth, CD, AC, Cruise!",Apr  5,"$8,995"
2017 BMW X5 xDrive35i AWD 4dr SUV - SUPER CLEAN! WELL MAINTAINED!,Apr  5,"$31,995"
"2013 Volvo S60 T5 AWD, 104k Miles, Auto, White/Tan, P Roof, Very Clean",Apr  5,"$9,995"
2018 Jeep Compass Limited 4x4 Luxury Pkg,Apr  5,"$21,990"
2007 Audi A4 3.2L AWD quattro,Apr  5,"$3,500"
GMC Envoy 4WD SUV Sunroof Tow Package Extra Clean **1 Year Warranty***,Apr  5,"$4,995"
"2008 Toyota Sienna CE, 178k Miles, Auto, Green/Grey, Power Options!",Apr  5,"$3,995"
2019 Jeep Grand Cherokee High Altitude Monthly Payment of,Apr  5,$496
2009 VW Jetta Wolfsburg Edition,Apr  5,"$4,300"
2006 Chevy Colorado Z71,Apr  5,"$6,000"
2006 Jeep Grand Cherokee Laredo 4WD,Apr  5,"$6,995"
2018 Chevrolet Chevy Equinox LS 4dr SUV w/1LS EVERYONE IS APPROVED! üöó,Apr  5,"$17,995"
2015 Volkswagen VW Jetta 1.8T SE - BAD CREDIT OK!,Apr  5,$99
2002 Subaru,Apr  5,"$3,000"
"OVER 200 USED WORK TRUCKS IN STOCK, BOX, FLATBED, DUMP & MORE",Apr  5,"$18,750"
2008 GMC Acadia,Apr  5,"$6,495"
2018 Volkswagen Golf GTI 2.0T S,Apr  5,"$20,980"
2018 Toyota Highlander XLE,Apr  5,"$30,750"
2018 Jeep All-New Wrangler Unlimited Unlimited Rubicon,Apr  5,"$46,980"
2018 Subaru WRX Limited,Apr  5,"$24,980"
2018 Chevrolet Colorado ZR2,Apr  5,"$36,994"
2016 Nissan Sentra SV,Apr  5,"$12,780"
"2008 GMC Sierra 1500 4WD Ext Cab 143.5"" SLE2",Apr  5,"$9,990"
"2010 Ford F-150 4WD SuperCrew 145"" XLT",Apr  5,"$13,990"
2014 GMC Sierra 1500 SLT 4x4 4dr Crew Cab 6.5 ft. SB - Financing Available!,Apr  5,"$22,900"
$$-CHEAP WORK TRUCK-HEMI-2004 DODGE RAM SLT LARAMIE 4X4 CREW,Apr  5,"$3,600"
2006 Ford Focus Wagon,Apr  5,"$3,495"
08 Ford Explorer Eddie Bauer,Apr  5,"$4,300"
2014 GMC Sierra 1500 SLT 4x4 4dr Crew Cab 6.5 ft. SB - Financing Available!,Apr  5,"$22,900"
2017 Volkswagen VW Golf GTI SE - BAD CREDIT OK!,Apr  5,$99
2008 Mazda 3,Apr  5,"$3,200"
2018 Jeep Compass Limited 4x4 Luxury Pkg,Apr  5,"$22,390"
2016 Ford Escape Titanium AWD 4dr SUV - SUPER CLEAN! WELL MAINTAINED!,Apr  5,"$16,995"
2008 Mazda 3,Apr  5,"$3,200"
2005 dodge ram,Apr  5,"$6,500"
[For parts or repair] 2004 Subaru Impreza 5MT,Apr  5,$800
2008 Mazda 3,Apr  5,"$3,200"
'05 Honda Civic SI,Apr  5,"$2,500"
BMW 650i Dinan,Apr  5,"$30,000"
2004 FORD F 350 Crew Cab Diesel,Apr  5,"$6,900"
nissan altima s2.5 2007,Apr  5,"$3,500"
2010 Ford Edge Limited AWD 4dr Crossover,Apr  5,"$8,995"
2011 FORD Ranger XLT 4x4 X-Cab,Apr  5,"$15,000"
2020 Honda Civic Sport Touring Hatchback 4D hatchback White - FINANCE,Apr  5,"$27,990"
Clean ‚Äò13 Acura ILX,Apr  5,"$11,000"
2010 Volkswagen Golf Gti Tornado Red,Apr  5,"$7,200"
2010 Subaru Forester 2.5x Premium- MANUAL Transmission,Apr  5,"$4,200"
2017 Mazda CX-5 Grand Touring AWD 4dr SUV EVERYONE IS APPROVED! ,Apr  5,"$23,995"
"2012 Volkswagen CC LuxuryÔºõ49,000 Miles",Apr  5,"$9,500"
2007 Honda Accord SE,Apr  5,"$4,000"
2013 RAM Ram Pickup 1500 SLT 4x4 4dr Quad Cab 6.3 ft. SB Pickup - Financing Avai,Apr  5,"$13,800"
2011 BMW 328 X-Drive - LOW MILES,Apr  5,"$12,250"
2013 Jeep Wrangler Sport 4x4 2dr SUV - SUPER CLEAN! WELL MAINTAINED!,Apr  5,"$18,995"
2018 Toyota C-HR XLE - BAD CREDIT OK!,Apr  5,$99
2015 Chrysler 200 Limited Sedan 4D sedan Burgundy - FINANCE ONLINE,Apr  5,"$15,990"
1940 Chevrolet Coupe,Apr  5,"$22,500"
2016 Kia Forte5 EX Hatchback 4D hatchback Silver - FINANCE ONLINE,Apr  5,"$14,990"
2013 Jeep Wrangler Unlimited Sahara 4WD - Best Deal on 4 Wheels!!,Apr  5,"$24,555"
2014 Jeep Wrangler ULIMITED SPORT 4WD OSCAR MIKE EDTION HARD AND SOFT - Best Dea,Apr  5,"$22,888"
2015 RAM 3500 CUMMINS LARAMIE CREW SWB 4WD DIESEL TRUCK - Best Deal on 4 Wheels!,Apr  5,"$46,888"
2013 Jeep Wrangler Sahara 4WD - Best Deal on 4 Wheels!!,Apr  5,"$22,777"
2017 INFINITI QX50 Sport Utility 4D hatchback Silver - FINANCE ONLINE,Apr  5,"$23,990"
FREE SCRAP METAL 2006 CHEVY EXPRESS VAN SHELL FRAME ETC,Apr  5,$0
GMC Yukon XL K2500 SLT,Apr  5,"$10,999"
2018 Dodge Journey SE FWD,Apr  5,"$16,990"
2014 Jeep Wrangler ULIMITED SPORT 4WD OSCAR MIKE EDTION HARD AND SOFT - Best Dea,Apr  5,"$22,888"
2020 Caddy Cadillac XT5 Premium Luxury Sport Utility 4D suv Black -,Apr  5,"$40,590"
2016 Ford F-250 F250 F 250 SD POWERSTROKE CREW CAB LARIAT 6.7 DIESEL - Best Deal,Apr  5,"$46,555"
2014 Maserati Quattroporte GTS Sedan 4D sedan Gray - FINANCE ONLINE,Apr  5,"$35,990"
2016 Chevrolet Chevy Colorado LT Crew Cab 4WD Long Box - Best Deal on 4 Wheels!!,Apr  5,"$24,555"
2011 Ford explorer LIMITED edition,Apr  5,"$8,750"
2008 MAZDA MAZDA 3 I SPORT,Apr  5,"$4,295"
2012 Chevrolet Impala LT (Fleet) PRICED TO SELL!,Apr  5,"$6,995"
2017 Lincoln Navigator Select Sport Utility 4D suv Blue - FINANCE,Apr  5,"$37,990"
2006 Toyota Tacoma,Apr  5,"$6,500"
2014 Honda Accord Sport 60k Miles!,Apr  5,"$14,900"
2018 Toyota Prius Prime Plus - BAD CREDIT OK!,Apr  5,$99
2010 Cadillac CTS AWD,Apr  5,"$9,995"
2016 Nissan Titan XD SV 4x4 4dr Crew Cab Pickup - Financing Available!,Apr  5,"$28,500"
2016 Chevy Chevrolet Tahoe LTZ Sport Utility 4D suv Black - FINANCE,Apr  5,"$40,990"
2015 Subaru Impreza 2.0i Sport Premium Wagon 4D wagon Red - FINANCE,Apr  5,"$13,990"
2020 Honda CRV Hybrid Touring Sport Utility 4D suv Silver - FINANCE,Apr  5,"$34,590"
2013 INFINITI JX JX35 Sport Utility 4D suv Gray - FINANCE ONLINE,Apr  5,"$18,990"
2018 Mercedes-Benz GLS GLS 450 4MATIC Sport Utility 4D suv Black -,Apr  5,"$45,590"
"2008 Ford Expedition EL ,DVD & Screens, leather, back up camera",Apr  5,"$3,999"
2007 TOYOTA COROLLA CE,Apr  5,"$3,499"
2020 Chevy Chevrolet Tahoe LT Sport Utility 4D suv Silver - FINANCE,Apr  5,"$46,990"
2019 Audi A4 allroad Premium Plus Wagon 4D wagon Green - FINANCE,Apr  5,"$41,590"
2017 Maserati Ghibli S Q4 Sedan 4D sedan Blue - FINANCE ONLINE,Apr  5,"$40,990"
2012 Acura TSX Sedan 4D sedan Black - FINANCE ONLINE,Apr  5,"$15,990"
** 2008 Honda Accord * Loaded * 142K * CLEAN * got cash?,Apr  5,"$4,995"
** 2011 Nissan Pathfinder 4X4 * Loaded * 3rd Seat * CLEAN * got cash?,Apr  5,"$8,995"
** 2008 Nissan Rogue AWD  * Loaded * 113K miles * CLEAN * got cash?,Apr  5,"$5,995"
Pacifica Wheelchair Van,Apr  5,"$63,500"
2004 Rolls-Royce Phantom Base 4dr Sedan EVERYONE IS APPROVED! ,Apr  5,"$109,995"
2017 Kia Soul EV e Wagon 4D wagon Silver - FINANCE ONLINE,Apr  5,"$13,590"
2007 Toyota Avalon Touring 4dr Sedan - SUPER CLEAN! WELL MAINTAINED!,Apr  5,"$6,995"
2001 F350  7.3 Power Stroke Heavy Duty 4x4 Dump Low Miles,Apr  5,"$19,995"
2006 Hummer H3  4 door  4wd,Apr  5,"$7,200"
2003 Toyoda Tundra runs great fresh inspection sticker,Apr  5,"$5,500"
2004 Audi A4 Quatro,Apr  5,"$1,750"
2017 Subaru Forester 2.5i - BAD CREDIT OK!,Apr  5,$99
2018 Subaru Legacy 2.5i Premium AWD,Apr  5,"$19,590"
2004 Rolls-Royce Phantom Base 4dr Sedan EVERYONE IS APPROVED! ,Apr  5,"$109,995"
"2010 Kia Soul, Great running CAR! free lesson.",Apr  5,"$2,999"
2012 Honda Civic LX Sedan 5-Speed AT,Apr  5,"$9,495"
2013 Toyota Highlander Base 4WD,Apr  5,"$14,995"
2013 Subaru Impreza WRX AWD 4dr Wagon - Financing Available!,Apr  5,"$13,500"
2017 Suzuki GSX-R750L1,Apr  5,"$11,495"
2020 Suzuki GSX-S750,Apr  5,"$8,995"
2018 Suzuki VL1500,Apr  5,"$10,995"
09 Ford F-150 supercab STX 4x4 low miles extra clean runs 100% Finance,Apr  5,"$1,500"
07 Hyundai Elantra SE Auto low miles extra clean runs 100%,Apr  5,"$2,795"
2019 Mercedes-Benz GLS GLS 450 4MATIC Sport Utility 4D suv Black -,Apr  5,"$60,990"
2014 Tesla Model S Sedan 4D sedan Gray - FINANCE ONLINE,Apr  5,"$37,990"
Saab 9-3 Linear 2.0t,Apr  5,"$2,500"
2013 Audi allroad Prestige Wagon 4D wagon Silver - FINANCE ONLINE,Apr  5,"$20,590"
2020 Chevy Chevrolet Silverado 1500 Regular Cab Work Truck Pickup 2D 8,Apr  5,"$30,990"
Toyota Camry XLE 2009,Apr  5,"$5,500"
2004 mercury grand marquis ls 92k,Apr  5,"$3,400"
* 2015 FORD F150 XLT SUPERCREW 4X4 * 3.5L EcoBoost One Owner Clean Fax,Apr  5,"$24,995"
2008 Scion xD 118 k,Apr  5,"$4,995"
2013 Hyundai Elantra gt 84k,Apr  5,"$7,995"
2013 Dodge Dart limited 6 spd,Apr  5,"$5,995"
** 2017 JEEP GRAND CHEROKEE LIMITED 4X4 ** 46k One Owner V6 Clean Fax,Apr  5,"$25,995"
2018 Ford F-150 F150 F 150 XLT 4x4 2dr Regular Cab 6.5 ft. SB - SUPER CLEAN! WEL,Apr  5,"$31,495"
1986 Ford F-350,Apr  5,"$4,900"
2018 Kia Rio LX - BAD CREDIT OK!,Apr  5,$99
2011 BMW 5 SERIES 535I GT XDIVE GRANT TURISMO 81K MILES.,Apr  5,"$12,595"
"2013 HYUNDAI ACCENT GLS 1.6 AUTOMATIC, 111K MILES.",Apr  5,"$5,995"
"2012 Ford Escape Limited 4WD - Loaded, Loaded",Apr  5,"$9,950"
2006 Ford F150 XLT 4WD - Super LOW Miles,Apr  5,"$10,950"
2017 Lincoln Navigator Reserve Sport Utility 4D suv Black - FINANCE,Apr  5,"$43,590"
2019 VW Volkswagen Golf R 4Motion Hatchback Sedan 4D sedan Black -,Apr  5,"$38,590"
2012 Honda Civic LX 4dr Sedan 5A - Financing Available!,Apr  5,"$6,900"
2018 Volvo V60 T5 Dynamic Wagon 4D wagon Black - FINANCE ONLINE,Apr  5,"$26,590"
2018 Volvo V60 T5 Dynamic Wagon 4D wagon Black - FINANCE ONLINE,Apr  5,"$25,990"
2014 Acura TL SH-AWD Sedan 4D sedan Silver - FINANCE ONLINE,Apr  5,"$17,590"
2013 Lexus IS IS 250 Sedan 4D sedan Red - FINANCE ONLINE,Apr  5,"$17,990"
2016 Hyundai Sonata Sport Sedan 4D sedan Silver - FINANCE ONLINE,Apr  5,"$16,990"
1984 Mercedes 380SL,Apr  5,"$10,100"
2020 BMW 3 Series 330i xDrive,Apr  5,"$31,590"
2011 Nissan Frontier S Crew 4x4,Apr  5,"$9,800"
2012 Toyota Highlander SE,Apr  5,"$10,900"
2018 Audi A8 L 4.0T Sport Sedan 4D sedan Blue - FINANCE ONLINE,Apr  5,"$46,590"
2019 Genesis G70 2.0T Advanced Sedan 4D sedan Blue - FINANCE ONLINE,Apr  5,"$33,590"
2019 Genesis G70 2.0T Advanced Sedan 4D sedan Gray - FINANCE ONLINE,Apr  5,"$31,990"
2012 Dodge Journey 3rd Row Rear Heat and AC,Apr  5,"$4,695"
2005 Jeep Grand Cherokee Leather LOADED 4x4,Apr  5,"$4,495"
"** 2016 JEEP WRANGLER SAHARA UNLIMITED 4X4 ** Auto 4"" Lift 5 NEW TIRES",Apr  5,"$29,995"
2014 TOYOTA SCION XD 93K MILES.,Apr  5,"$6,595"
Great basic transportation 2005 Toyota Camry runs excellent,Apr  5,"$2,499"
2009 Mazda 6 NICE Miles Runs GREAT!!!!,Apr  5,"$4,495"
1969 Ford Bronco 302ci,Apr  5,"$65,000"
2006 MINI Cooper Base 2dr Hatchback,Apr  5,"$3,495"
2016 Ford F-250 F250 F 250 Super Duty XLT 4x4 4dr SuperCab 6.8 ft. SB Pickup EVE,Apr  5,"$30,995"
2009 Volkswagen Rabbit S PZEV 4dr Hatchback,Apr  5,"$3,195"
2004 Freightliner M2 Box Truck,Apr  5,"$15,000"
2018 Ram 1500 Tradesman - BAD CREDIT OK!,Apr  5,$99
** 2017 RAM 1500 LARAMIE CREW CAB 4X4 ** 8 Spd One Owner Clean Fax,Apr  5,"$28,995"
2007 Kia Sportage LX 4dr SUV (2L I4 5M),Apr  5,"$2,495"
* 2017 SUBARU OUTBACK TOURING AWD * 38k One Owner 3.6 Clean Fax LOADED,Apr  5,"$25,995"
2006 Mercedes-Benz E350,Apr  5,"$4,995"
2012 Dodge Avenger LOW Miles,Apr  5,"$2,995"
2011 Nissan Sentra Runs Great NICE Miles,Apr  5,"$3,495"
2015 Dodge Durango R/T Sport Utility 4D suv White - FINANCE ONLINE,Apr  5,"$28,990"
2018 Mercedes-Benz Mercedes-AMG C-Class C 43 AMG Coupe 2D coupe White,Apr  5,"$44,990"
2012 Volkswagen Jetta Base 4dr Sedan 5M,Apr  5,"$3,795"
* 2018 CHEVY SILVERADO 1500 LTZ CREW 4X4 * REDLINE Edition Z71 LOADED,Apr  5,"$31,995"
2010 BLACK FORD E450 PARTY BUS FOR SALE #2408,Apr  5,"$42,995"
2013 Mazda 3 NICE Miles,Apr  5,"$4,495"
* 2014 FORD F150 FX4 SUPERCREW 4X4 * 3.5L Nav Roof Htd/Vent Lthr SONY,Apr  5,"$24,995"
2020 Buick Enclave Premium Sport Utility 4D suv Black - FINANCE ONLINE,Apr  5,"$43,590"
2019 Genesis G70 2.0T Advanced Sedan 4D sedan Gray - FINANCE ONLINE,Apr  5,"$30,990"
2020 Chevy Chevrolet Blazer 3LT Sport Utility 4D suv Silver - FINANCE,Apr  5,"$29,590"
2015 Lexus IS IS 350 Sedan 4D sedan Gray - FINANCE ONLINE,Apr  5,"$24,990"
2000 Jeep Wrangler TJ Restoration,Apr  5,"$12,000"
2019 Kia K900 Luxury Sedan 4D sedan Black - FINANCE ONLINE,Apr  5,"$43,990"
2012 Acura TSX Wagon 4D wagon White - FINANCE ONLINE,Apr  5,"$15,990"
2020 Toyota Corolla LE,Apr  5,"$15,790"
"2008 Ford F350 super duty dump truck, 9‚Äô Stainless Blade, No Accidents",Apr  5,"$23,999"
2020 Lincoln Corsair Reserve Sport Utility 4D suv Black - FINANCE,Apr  5,"$40,990"
2016 Nissan Pathfinder SV - BAD CREDIT OK!,Apr  5,$99
2013 Cayenne GTS,Apr  5,"$37,999"
2017 Chevrolet Silverado 1500 LT Double Cab 4WD,Apr  5,"$23,999"
2013 RAM 1500 Tradesman Quad Cab 4WD,Apr  5,"$16,999"
2013 Honda Odyssey EX-L,Apr  5,"$12,999"
2011 Chevrolet Impala LS,Apr  5,"$3,500"
2006 Acura MDX Touring with Navigation System,Apr  5,"$3,999"
2010 Jeep Patriot Sport 4WD,Apr  5,"$3,500"
2008 GMC Yukon Hybrid 4HY 4WD,Apr  5,"$10,999"
2005 Dodge Ram 1500 Laramie Quad Cab Short Bed 4WD,Apr  5,"$5,999"
Great Condition Hino 2014 Box 195,Apr  5,"$20,000"
2016 Honda HR-V LX 4WD CVT,Apr  5,"$13,999"
2013 Honda CR-V EX-L 4WD 5-Speed AT with Navigation,Apr  5,"$13,999"
2014 Ford Escape Titanium 4WD,Apr  5,"$12,999"
2011 Jeep Grand Cherokee Laredo 4WD,Apr  5,"$10,999"
2014 Jeep Cherokee Latitude 4WD,Apr  5,"$12,999"
2003 Subaru Forester 2.5 X,Apr  5,"$3,500"
2004 Chevrolet Suburban 1500 4WD,Apr  5,"$4,999"
2005 Honda Civic VP coupe,Apr  5,"$2,500"
2007 Chevrolet Silverado Classic 2500HD LT1 Ext. Cab 4WD,Apr  5,"$6,999"
2018 Chevrolet Malibu LT,Apr  5,"$17,999"
2019 Toyota Corolla LE CVT,Apr  5,"$16,999"
2013 Mercedes-Benz E-Class E350 4MATIC Sedan,Apr  5,"$14,999"
2014 Toyota RAV4 XLE AWD,Apr  5,"$16,999"
2014 Ford Econoline E-350 Super Duty,Apr  5,"$16,999"
2010 GMC Yukon SLT2 4WD,Apr  5,"$14,999"
2005 Chevrolet Silverado 2500HD LS Long Bed 4WD,Apr  5,"$7,999"
2011 Ford F-350 SD XL 4WD,Apr  5,"$18,999"
2006 Chrysler 300 Touring,Apr  5,"$2,500"
2006 Ford F-350 SD XLT SuperCab Long Bed 4WD,Apr  5,"$14,999"
2005 Honda Pilot EX,Apr  5,"$2,999"
2014 Hyundai Santa Fe SPORT,Apr  5,"$12,999"
2013 Honda Odyssey EX-L,Apr  5,"$12,999"
2017 Honda Civic LX Sedan CVT,Apr  5,"$16,999"
2017 Ford Focus SE Sedan,Apr  5,"$9,999"
2015 RAM 1500 Tradesman Quad Cab 4WD,Apr  5,"$16,999"
2011 Chevrolet Silverado 2500HD LT Crew Cab 4WD,Apr  5,"$18,999"
2016 Nissan Altima 2.5 S,Apr  5,"$14,999"
2010 Ford Edge SEL,Apr  5,"$7,999"
2015 Ford Escape SE 4WD,Apr  5,"$14,999"
2016 Ford Fusion Titanium,Apr  5,"$12,999"
2017 GMC Sierra 3500HD Denali Crew Cab 4WD,Apr  5,"$65,999"
2009 Chevrolet Silverado 1500 LT1 Crew Cab 4WD,Apr  5,"$14,999"
2006 Ford F-350 SD XLT SuperCab 4WD,Apr  5,"$17,999"
2014 Chevrolet Silverado 1500 2LT Crew Cab 4WD,Apr  5,"$24,999"
2015 Honda Civic SE Sedan CVT,Apr  5,"$13,999"
2012 Hyundai Elantra Limited,Apr  5,"$6,999"
2011 Chevrolet Impala LS,Apr  5,"$5,999"
2013 Chevrolet Silverado 1500 LT Ext. Cab 4WD,Apr  5,"$17,999"
2011 Chevrolet Silverado 1500 LTZ Crew Cab 4WD,Apr  5,"$17,999"
2009 Chevrolet Silverado 1500 Work Truck Ext. Cab Std. Box 4WD,Apr  5,"$11,999"
2011 GMC Sierra 2500HD SLE Ext. Cab 4WD,Apr  5,"$14,999"
2009 Toyota Sienna XLE Limited AWD,Apr  5,"$9,999"
2009 Toyota Tundra SR5 5.7L Double Cab 4WD,Apr  5,"$15,999"
2014 Subaru Impreza Base 4-Door,Apr  5,"$8,999"
2017 Subaru Forester 2.5i Touring,Apr  5,"$18,999"
2013 Ford Edge Limited AWD,Apr  5,"$5,999"
2017 Toyota Corolla SE CVT,Apr  5,"$16,999"
BAD CREDIT AUTO LOANS; APPROVAL IN MINUTES! CALL NOW; APPLY NOW!!!,Apr  5,$500
2015 Nissan LEAF SL Hatchback 4D hatchback Red - FINANCE ONLINE,Apr  5,"$11,590"
2004 Camry - 93000 miles,Apr  5,"$4,800"
"2011 BMW X5 xDrive35d AWD Diesel, One Owner, Clean Carfax!!!",Apr  5,"$13,995"
2012 Lincoln MKX AWD SUV Excellent Condition Luxury,Apr  5,"$11,895"
2012 Volkswagen Passat FWD Well Maintained Clean Carfax!!!,Apr  5,"$6,895"
üöó ¬†2009 Chevrolet Silverado 2500HD LT 4x4 LT 4dr Extended Cab LB,Apr  5,$0
2003 Nissan pathfinder,Apr  5,"$3,400"
2019 Toyota Corolla  LE Sedan,Apr  5,$211
2014 Audi A4 S-Line Premium Plus Quattro Sedan - Very Low Miles,Apr  5,"$18,500"
2017 Ford Explorer 4x4 4WD XLT SUV,Apr  5,$324
2011 TOYOTA PRIUS H/B  TWO H/B,Apr  5,"$4,975"
2012 Honda Civic EX-L (94k),Apr  5,"$8,895"
2020 Honda Civic LX 4dr Sedan CVT EVERYONE IS APPROVED! ,Apr  5,$0
2018 Lincoln MKX Reserve Sport Utility 4D suv Black - FINANCE ONLINE,Apr  5,"$28,990"
CARS UNDER $5995 - The Best Deals on Wheels!! - BUY HERE PAY HERE,Apr  5,$10
2019 Toyota Tacoma 4x4 4WD Truck SR5 Double Cab,Apr  5,$472
"2010 Toyota FJ Cruiser. Manual Transmission , Excellent Condition",Apr  5,"$17,495"
"2013 BMW X3 awd , Loaded , Leather, Nav",Apr  5,"$12,495"
"2015 Chevrolet Silverado ,Single Cab Z71 4x4 Short Bed",Apr  5,"$29,995"
2007 Toyota FJ Cruiser 4x4  EVERY Available Option. Excellent Conditi,Apr  5,"$18,995"
2014 Lotus Evora 2+2 2dr Coupe Diesel Truck / Trucks,Apr  5,"$54,990"
2009 Toyota 4 Runner 4X4 Sport Edition,Apr  5,"$15,995"
2001 Ford F650 service/utility-body,Apr  5,"$12,000"
"2014 GMC Sierra SLT  Crew Cab 4x4 ,Leather Loaded",Apr  5,"$24,995"
2012 Dodge Ram 1500 4X4 Sport Quad Cab Hemi Short bed,Apr  5,"$19,495"
2003 ford lightning svt,Apr  5,"$18,500"
2006 Chevrolet Silverado 2500 HD Extended Cab 4X4,Apr  5,"$15,995"
2009 Ford Flex LIMITED AWD 3.5L V6 7-PASSENGER SUV,Apr  5,"$8,995"
2019 Ford Transit-250  Base Low Roof Cargo Van,Apr  5,$422
2007 Chevrolet TrailBlazer LT 4WD 4.2L 6 CYL. MID-SIZE SUV,Apr  5,"$7,995"
2020 Lincoln Corsair Sport Utility 4D suv Gray - FINANCE ONLINE,Apr  5,"$36,590"
2019 INFINITI QX50 Luxe Sport Utility 4D hatchback Gray - FINANCE,Apr  5,"$28,590"
2014 Toyota Tacoma Base 4x2 4dr Access Cab 6.1 ft SB 4A,Apr  5,"$13,495"
2009 Ford Fusion V6 SEL 4dr Sedan,Apr  5,"$5,995"
2018 Jeep Grand Cherokee 4x4 4WD High Altitude SUV,Apr  5,$556
2019 Nissan Versa Note SV,Apr  5,"$12,390"
2018 Jeep Wrangler JK 4x4 4WD Unlimited Freedom Edition SUV,Apr  5,$479
2019 Ford Fusion,Apr  5,"$18,500"
2019 Toyota Corolla  LE Sedan,Apr  5,$211
2016 Chevrolet Chevy Silverado 2500HD 2500 LTZ Diesel Truck / Trucks,Apr  5,"$41,990"
2019 Jeep Cherokee 4x4 4WD Limited SUV,Apr  5,$352
Hemi AWD!!! 2006 Chrysler 300C Hemi AWD!!!,Apr  5,"$5,999"
2013 Lexus ES ES 350 Sedan 4D sedan Silver - FINANCE ONLINE,Apr  5,"$17,590"
2013 Jeep Grand Cherokee 4x4 4WD Limited SUV,Apr  5,$246
2016 Toyota RAV4 AWD All Wheel Drive RAV 4 XLE SUV,Apr  5,$299
2001 chevrolet Tracker 4x4,Apr  5,"$1,300"
2019 Volkswagen Jetta VW R-Line Sedan,Apr  5,$267
2019 Ford F-250 F250 F 250 Super Duty Super Duty - Single Rear Wheel Diesel Truc,Apr  5,"$49,990"
2016 Jeep Wrangler 4x4 4WD Unlimited Sport SUV,Apr  5,$380
2019 Ford Mustang  GT Premium Coupe,Apr  5,$542
2017 Lincoln MKX Reserve Sport Utility 4D suv Blue - FINANCE ONLINE,Apr  5,"$30,990"
1978 Oldsmobile Cutlass,Apr  5,"$12,900"
2013 Honda CR-V AWD All Wheel Drive CRV LX SUV,Apr  5,$187
2020 Chevy Chevrolet Blazer 2LT Sport Utility 4D suv Silver - FINANCE,Apr  5,"$26,990"
2011 Acura TL Sedan 4D sedan Silver - FINANCE ONLINE,Apr  5,"$14,990"
2018 GMC Sierra 1500 4x4 4WD Truck SLT Extended Cab,Apr  5,$556
2020 Chevrolet Chevy SILVERADO MEDIUM DUT 4X4 2dr Regular Cab Diesel Truck / Tru,Apr  5,"$69,990"
2009 Acura MDX SH-AWD/Nav-Tech/Bad Credit is APPROVED@Topline Import..,Apr  5,$0
2017 Jeep Wrangler 4x4 4WD Unlimited Sport S SUV,Apr  5,$450
2013 Acura MDX SH-AWD/Bad Credit is APPROVED@Topline Import..,Apr  5,$0
"2015 CHEVROLET EXPRESS 2500 CARGO VAN RWD 2500 135 INCH CAR,VANS,OIL,TRUCKS,DUMP",Apr  5,"$19,995"
2016 Toyota Sienna Limited AWD/Nav/Everyone getsAPPROVED@ToplineImport,Apr  5,$0
2017 Toyota RAV4-LE/EVERYONE gets APPROVED@Topline Import...,Apr  5,$0
2015 CHEVROLET Silverado 1500 LT LOW MILES 4x4,Apr  5,"$25,000"
2012 Toyota Highlander 3.5L Limited/ALL Credit is APPROVED@Topline,Apr  5,$0
2017 Jeep Grand Cherokee 4x4 4WD Altitude SUV,Apr  5,$408
2013 Toyota Venza 2.7 LE/AWD/Guaranteed APPROVAL@Topline Import...,Apr  5,$0
"2015 CHEVROLET EXPRESS CARGO VAN RWD 2500 135 INCH CAR,VANS,OIL,TRUCKS,DUMP BODY",Apr  5,"$19,995"
2018 Jeep Wrangler JK 4x4 4WD Unlimited Sport SUV,Apr  5,$479
"FORD EDGE SEL AWD, LOADED, BRAND NEW COOPER TIRES, CLEAN SHAPE",Apr  5,"$7,995"
2005 f350 dump 4x4 with plow LOW low miles,Apr  5,"$14,500"
2018 Jeep Grand Cherokee 4x4 4WD Laredo SUV,Apr  5,$359
"2015 CHEVROLET 2500 EXPRESS CARGO VAN RWD 2500 135 INCH CAR,VANS,OIL,TRUCKS,DUMP",Apr  5,"$19,995"
2016 Toyota Tacoma GRN305L Diesel Truck / Trucks,Apr  5,"$29,990"
2019 Toyota Corolla  LE Sedan,Apr  5,$218
2003 Mercury grand marqui,Apr  5,"$1,150"
2018 Jeep Wrangler JK 4x4 4WD Unlimited Sport SUV,Apr  5,$465
2015 Mercedes C300/AWD/NAV/YOU are APPROVED@Topline Methuen...,Apr  5,$0
2017 Ford Edge AWD All Wheel Drive Titanium SUV,Apr  5,$317
2006 KIA AMANTI,Apr  5,"$3,995"
2017 Mazda CX5 Touring suv Silver,Apr  5,"$17,977"
2017 Nissan Murano AWD All Wheel Drive S SUV,Apr  5,$267
2012 Mercedes C300-Sport/AWD/ YOU are APPROVED@Topline Methuen...,Apr  5,$0
2019 Ford F-150 F150 F 150 Diesel Truck / Trucks,Apr  5,"$39,990"
2018 Ram 1500 4x4 4WD Truck Dodge SLT Crew Cab,Apr  5,$500
2013 Lexus ES 300h Silver Hybrid,Apr  5,"$18,000"
2012 Mercedes C350 (302hp) Sport Pckg/Nav/Bad Credit is APPROVED!!!,Apr  5,$0
2011 Mercedes C300-Sport/Bad Credit NO PROBLEM@Topline Methuen...,Apr  5,$0
2011 Mazda CX9 Touring/Financing for EVERYONE--Topline Methuen...,Apr  5,$0
2014 Mazda CX-5 Grand Touring/Nav/All Credit is APPROVED@Topline!!!,Apr  5,$0
2015 Range Rover Autobiography (510hp) 5.0L Supercharged-ALL CREDIT...,Apr  5,$0
2014 Range Rover Sport HSE 3.0 S.C/All Credit is APPROVED@Topline...,Apr  5,$0
2017 Range Rover Evoque SE Premium(240hp)NAV/ALL CREDIT IS APPROVED!!!,Apr  5,$0
2015 Range Rover Evoque SE Premium(240hp)NAV/ALL CREDIT IS APPROVED!!!,Apr  5,$0
2014 Lexus IS250 F-Sport AWD/EVERYONE is APPROVED@Topline Import..,Apr  5,$0
2017 Range Rover Evoque SE Premium(240hp)NAV/ALL CREDIT IS APPROVED!!!,Apr  5,$0
2012 Range Rover HSE/Luxury Ed/Financing ALL CREDIT@Topline Methuen...,Apr  5,$0
"‚òÖ 2015 BMW 435i xDRIVE GRAN COUPE - M SPORT, AWD, NAVI, 19"" M WHEELS",Apr  5,"$22,995"
2012 Land Rover LR4 5.0L(375hp)HSE/Financing All Credit...,Apr  5,$0
2014 Jeep Grand Cherokee Limited Ed/EVERYONE is APPROVED@Topline,Apr  5,$0
2011 Jeep Grand Cherokee (290hp)3.6L/4x4/EVERYONE is APPROVED@Topline.,Apr  5,$0
2012 GMC Acadia SLT1/Guaranteed Credit APPROVAL@Topline Import....,Apr  5,$0
2014 GMC Acadia SLT1/Nav/Tech/You are APPROVED@Topline Imports!,Apr  5,$0
12 Ford Fusion sel awd,Apr  4,$52
2011 Sonata cheap!,Apr  4,$48
11 Tiguan 7850.00,Apr  4,$78
Classic 1996 SL500 9000.00,Apr  4,$9
2010 honda civic lx,Apr  4,"$4,450"
2002 Honda Civic DX,Apr  4,"$1,500"
Mercedes .c320. wagon.6 cylinder.roof racks.tinted A on gas.new sticke,Apr  4,"$5,500"
2008 dodge ram crew cab diesel 4x4 6.7l,Apr  4,"$14,500"
"‚úî ‚òÜ‚òÜ SALE ‚òõ 2010 FORD TAURUS, 113K MILES !!!",Apr  4,"$7,495"
‚úî ‚òÜ‚òÜ SALE ‚òõ 2011 FORD TAURUS !!,Apr  4,"$7,995"
2015 Cadillac ATS,Apr  4,$1
2004 TOYOTA SIENNA,Apr  4,"$3,800"
89 Firebird Trans AM,Apr  4,"$11,500"
2015 Audi A8 L 3.0T Sedan 4D,Apr  4,"$29,000"
"2017 Subaru wrx limited, 6 spd manual",Apr  4,"$24,500"
Honda Accord 2004 LX,Apr  4,"$3,800"
2017 Nissan Titan XD SV 4x4 4dr King Cab State Inspected!!,Apr  4,"$29,995"
2013 Mitsubishi Lancer SE AWD 4dr Sedan State Inspected!!,Apr  4,"$7,995"
2014 Kia Sorento LX 4dr SUV TRUCKS TRUCKS TRUCKS!!,Apr  4,"$10,995"
2016 Hyundai Veloster Turbo 3dr Coupe DCT w/Black Seats Ready To Go!!,Apr  4,"$10,995"
2015 Chevrolet Camaro LT 2dr Coupe w/1LT TACOMA LAND!!,Apr  4,"$18,995"
2006 Chevrolet Corvette Base 2dr Coupe Ready To Go!!,Apr  4,"$24,995"
2012 Chevrolet Colorado LT 4x4 4dr Crew Cab w/1LT Fully Serviced!!,Apr  4,"$15,995"
2013 Chevrolet Silverado 1500 Work Truck 4x4 4dr Crew Cab 5.8 ft. SB TACOMA,Apr  4,"$14,995"
2014 Chevrolet Silverado 1500 Work Truck 4x4 4dr Crew Cab 5.8 ft. SB w/2WT F,Apr  4,"$21,995"
2013 Honda CR-V EX AWD 4dr SUV Ready To Go!!,Apr  4,"$12,995"
1994 Dodge Stealth 79K,Apr  4,"$2,999"
Dodge Dakota 4x4,Apr  4,$800
Honda Civic 2007 Low Mileage,Apr  4,"$5,999"
"‚úî ‚òÜ‚òÜ SALE ‚òõ DODGE CHARGER, Hemi !!!",Apr  4,"$5,495"
2008 acura rdx turbo,Apr  4,"$6,500"
2006 Saturn Vue low miles,Apr  4,"$5,000"
2008 Toyota Corolla low miles,Apr  4,"$6,200"
Nissan Altima,Apr  4,"$3,150"
2004 Mercedes-Benz SL-Class SL 500 - BAD CREDIT OK!,Apr  4,$99
2003 Volvo S60,Apr  4,"$1,000"
Toyota Corolla LE 2017,Apr  4,"$12,500"
2018 Tesla Model S P100D,Apr  4,"$72,000"
2014 Mercedes-Benz E-Class E 350 - BAD CREDIT OK!,Apr  4,$99
2020 Ford Explorer Limited 4WD,Apr  4,"$37,390"
BMW x3 2008 sports package,Apr  4,"$8,500"
Mercedes E320 1999,Apr  4,"$2,800"
1998 Toyota Camry automatic,Apr  4,"$1,300"
2014 Mercedes-Benz CLS CLS 550 - BAD CREDIT OK!,Apr  4,$99
2016 Ford Focus SE 4dr Sedan EVERYONE IS APPROVED! ,Apr  4,"$8,995"
2011 Lincoln MKX AWD,Apr  4,"$6,500"
2011 GMC Acadia Denali,Apr  4,"$8,500"
"==== 2012 Ford Escape XLT === Very Clean ! ======Only $ 4,999 !=======",Apr  4,"$4,999"
1973 Ford F100 4x4 shortbed,Apr  4,"$16,900"
2018 Mazda CX-3 Sport - BAD CREDIT OK!,Apr  4,$99
2019 Honda Pilot EX-L AWD,Apr  4,"$29,190"
1979 corvette,Apr  4,"$11,800"
1987 Saab Scania w/3 ton boom,Apr  4,"$4,500"
2004 Toyota Sienna,Apr  4,"$6,000"
2017 Mclaren 570GT Carbon Fiber Mint & Flawless *MUST SEE* LOOK!!!!,Apr  4,"$139,975"
2016 Ford Mustang EcoBoost Premium 2dr Convertible EVERYONE IS APPROVED! „âÇ,Apr  4,$0
2017 Lexus ES 350 - BAD CREDIT OK!,Apr  4,$99
2020 Acura RDX Advance Pkg Sport Utility 4D suv White - FINANCE ONLINE,Apr  4,"$39,590"
2014 Mercedes-Benz CLA-Class CLA 45 AMG 4MATIC Coupe 4D coupe Gray -,Apr  4,"$31,590"
2013 Scion FRS Coupe 2D coupe Blue - FINANCE ONLINE,Apr  4,"$19,990"
2020 Chevrolet Chevy Silverado 1500 LT Double Cab 4WD,Apr  4,"$35,390"
2020 Caddy Cadillac XT6 Sport SUV 4D suv Black - FINANCE ONLINE,Apr  4,"$55,990"
2011 Honda Accord EX Sedan PRICED TO SELL!,Apr  4,"$7,995"
2013 Fiat 500 Convertible in excellent condition for sale!,Apr  4,"$7,400"
Vespa Style Electric Moped,Apr  4,"$2,199"
2015 Mercedes C63 Supercharged 650HP Custom *MUST SEE* LOOK!!!!,Apr  4,"$49,975"
Infiniti G37x,Apr  4,"$9,000"
2017 Land Rover Range Rover 5.0L V8 Supercharged - BAD CREDIT OK!,Apr  4,$99
2015 Porsche Cayenne Diesel Sport Utility 4D suv Silver - FINANCE,Apr  4,"$36,590"
2018 VW Volkswagen Beetle 2.0T Coast Hatchback 2D hatchback White -,Apr  4,"$18,990"
2007 TOYOTA COROLLA CE,Apr  4,"$3,499"
2019 Audi Q8 Premium Sport Utility 4D suv Black - FINANCE ONLINE,Apr  4,"$63,990"
2019 Kia Niro EV EX Wagon 4D wagon Black - FINANCE ONLINE,Apr  4,"$28,990"
2017 Ford Taurus SE Sedan 4D sedan Gold - FINANCE ONLINE,Apr  4,"$17,590"
2020 Lexus NX 300 Sport Utility 4D hatchback Black - FINANCE ONLINE,Apr  4,"$33,590"
Honda CRV EX-L 2008,Apr  4,"$6,000"
2016 INFINITI QX70 3.7 Sport Utility 4D suv Gray - FINANCE ONLINE,Apr  4,"$21,990"
2009 Toyota Venza Wagon 4D wagon Blue - FINANCE ONLINE,Apr  4,"$15,990"
2017 GMC Sierra 2500HD SLT Crew Cab 4WD,Apr  4,"$49,900"
2014 Audi S4 Sedan quattro,Apr  4,"$27,900"
1968 Pontiac Firebird 2dr Coupe Firebird,Apr  4,"$25,900"
1993 Corvette Convertible,Apr  4,"$9,900"
2017 Jeep Wrangler Unlimited Rubicon - BAD CREDIT OK!,Apr  4,$99
2018 Dodge Grand Caravan Passenger GT Minivan 4D van Black - FINANCE,Apr  4,"$18,990"
